method,data_creation,data_processing,training,evaluation,Total
baseline,0.0,0.0,0.0,0.0,0.0
gat,0.0,0.0075,0.7636111111111111,0.0,0.7711111111111111
pdgrapher,0.0,0.0019444444444444444,0.9533333333333334,0.0,0.9552777777777778
pdgrapher_nognn,0.0,0.0019444444444444444,0.4672222222222222,0.0,0.4691666666666667
