method,data_creation,data_processing,training,evaluation,Total
baseline,0.0,0.0,0.0,0.0,0.0
gat,0.0,0.0016666666666666668,0.0,0.0,0.0016666666666666668
pdgrapher,0.0,0.001388888888888889,0.09361111111111112,0.0,0.095
pdgrapher_nognn,0.0,0.001388888888888889,0.023333333333333334,0.0,0.024722222222222222
