method,data_creation,data_processing,training,evaluation,Total
baseline,0.0,0.0,0.0,0.0,0.0
gat,0.0,0.0030555555555555557,0.0,0.0,0.0030555555555555557
pdgrapher,0.0,0.0030555555555555557,0.04805555555555555,0.0,0.05111111111111111
pdgrapher_nognn,0.0,0.0030555555555555557,0.022222222222222223,0.0,0.025277777777777777
