method,data_creation,data_processing,training,evaluation,Total
baseline,0.0,0.0,0.0,0.0,0.0
gat,0.0,0.0016666666666666668,0.0,0.0,0.0016666666666666668
pdgrapher,0.0,0.001388888888888889,0.04805555555555555,0.0,0.049444444444444444
pdgrapher_nognn,0.0,0.001388888888888889,0.024722222222222222,0.0,0.02611111111111111
