method,data_creation,data_processing,training,evaluation,Total
baseline,0.0,0.0,0.0,0.0,0.0
gat,0.0,0.0019444444444444444,1.228611111111111,0.0,1.2305555555555556
pdgrapher,0.0,0.0044444444444444444,0.17027777777777778,0.0,0.17472222222222222
pdgrapher_nognn,0.0,0.0038888888888888888,0.07583333333333334,0.0,0.07972222222222222
