method,data_creation,data_processing,training,evaluation,Total
baseline,0.0,0.0,0.0,0.0,0.0
gat,0.0,0.001388888888888889,0.0,0.0,0.001388888888888889
pdgrapher,0.0,0.001388888888888889,0.3486111111111111,0.0,0.35
pdgrapher_nognn,0.0,0.0011111111111111111,0.08083333333333333,0.0,0.08194444444444443
