method,data_creation,data_processing,training,evaluation,Total
baseline,0.0,0.0,0.0,0.0,0.0
gat,0.0,0.0019444444444444444,0.0,0.0,0.0019444444444444444
pdgrapher,0.0,0.0019444444444444444,0.3461111111111111,0.0,0.34805555555555556
pdgrapher_nognn,0.0,0.0011111111111111111,0.07111111111111111,0.0,0.07222222222222222
