method,data_creation,data_processing,training,evaluation,Total
baseline,0.0,0.0,0.0,0.0,0.0
gat,0.0,0.0019444444444444444,0.0,0.0,0.0019444444444444444
pdgrapher,0.0,0.0030555555555555557,0.4077777777777778,0.0,0.41083333333333333
pdgrapher_nognn,0.0,0.0030555555555555557,0.07416666666666667,0.0,0.07722222222222223
