method,data_creation,data_processing,training,evaluation,Total
baseline,0.0,0.0,0.0,0.0,0.0
gat,0.0,0.016666666666666666,0.2313888888888889,0.0,0.24805555555555556
pdgrapher,0.0,0.024166666666666666,0.15416666666666667,0.0,0.17833333333333334
pdgrapher_nognn,0.0,0.024166666666666666,0.20222222222222222,0.0,0.2263888888888889
