method,data_creation,data_processing,training,evaluation,Total
baseline,0.0,0.0,0.0,0.0,0.0
gat,0.0,0.001388888888888889,0.32555555555555554,0.0,0.3269444444444444
pdgrapher,0.0,0.0016666666666666668,0.22444444444444445,0.0,0.22611111111111112
pdgrapher_nognn,0.0,0.0011111111111111111,0.15416666666666667,0.0,0.1552777777777778
