method,data_creation,data_processing,training,evaluation,Total
baseline,0.0,0.0,0.0,0.0,0.0
gat,0.0,0.0016666666666666668,0.38083333333333336,0.0,0.3825
pdgrapher,0.0,0.0016666666666666668,0.16583333333333333,0.0,0.1675
pdgrapher_nognn,0.0,0.0016666666666666668,0.13833333333333334,0.0,0.14
