method,data_creation,data_processing,training,evaluation,Total
baseline,0.0,0.0,0.0,0.0,0.0
gat,0.0,0.0016666666666666668,0.29527777777777775,0.0,0.2969444444444444
pdgrapher,0.0,0.001388888888888889,0.16722222222222222,0.0,0.1686111111111111
pdgrapher_nognn,0.0,0.001388888888888889,0.15666666666666668,0.0,0.15805555555555556
