method,data_creation,data_processing,training,evaluation,Total
baseline,0.0,0.0,0.0,0.0,0.0
gat,0.0,0.0019444444444444444,0.215,0.0,0.21694444444444444
pdgrapher,0.0,0.0019444444444444444,0.18138888888888888,0.0,0.18333333333333332
pdgrapher_nognn,0.0,0.0019444444444444444,0.08361111111111111,0.0,0.08555555555555555
