method,data_creation,data_processing,training,evaluation,Total
baseline,0.0,0.0,0.0,0.0,0.0
gat,0.0,0.0022222222222222222,0.17416666666666666,0.0,0.17638888888888887
pdgrapher,0.0,0.001388888888888889,0.19083333333333333,0.0,0.1922222222222222
pdgrapher_nognn,0.0,0.001388888888888889,0.11361111111111111,0.0,0.11499999999999999
