method,data_creation,data_processing,training,evaluation,Total
baseline,0.0,0.0,0.0,0.0,0.0
gat,0.0,0.010277777777777778,0.3397222222222222,0.0,0.35
pdgrapher,0.0,0.018055555555555554,0.21055555555555555,0.0,0.2286111111111111
pdgrapher_nognn,0.0,0.018055555555555554,0.07972222222222222,0.0,0.09777777777777777
