method,data_creation,data_processing,training,evaluation,Total
baseline,0.0,0.0,0.0,0.0,0.0
gat,0.0,0.004722222222222222,0.2336111111111111,0.0,0.2383333333333333
pdgrapher,0.0,0.005,0.21305555555555555,0.0,0.21805555555555556
pdgrapher_nognn,0.0,0.005,0.10666666666666667,0.0,0.11166666666666668
