method,data_creation,data_processing,training,evaluation,Total
baseline,0.0,0.0,0.0,0.0,0.0
gat,0.0,0.0016666666666666668,0.14527777777777778,0.0,0.14694444444444446
pdgrapher,0.0,0.001388888888888889,0.26361111111111113,0.0,0.265
pdgrapher_nognn,0.0,0.001388888888888889,0.07416666666666667,0.0,0.07555555555555556
