method,data_creation,data_processing,training,evaluation,Total
baseline,0.0,0.0,0.0,0.0,0.0
gat,0.0,0.01,0.06805555555555555,0.0,0.07805555555555554
pdgrapher,0.0,0.007222222222222222,0.10138888888888889,0.0,0.10861111111111112
pdgrapher_nognn,0.0,0.006388888888888889,0.021666666666666667,0.0,0.028055555555555556
