method,data_creation,data_processing,training,evaluation,Total
baseline,0.0,0.0,0.0,0.0,0.0
gat,0.0,0.011111111111111112,0.18333333333333332,0.0,0.19444444444444442
pdgrapher,0.0,0.009166666666666667,0.24638888888888888,0.0,0.25555555555555554
pdgrapher_nognn,0.0,0.006666666666666667,0.02638888888888889,0.0,0.03305555555555555
