method,data_creation,data_processing,training,evaluation,Total
baseline,0.0,0.0,0.0,0.0,0.0
gat,0.0,0.0022222222222222222,0.07388888888888889,0.0,0.07611111111111112
pdgrapher,0.0,0.0022222222222222222,0.11833333333333333,0.0,0.12055555555555555
pdgrapher_nognn,0.0,0.0022222222222222222,0.020277777777777777,0.0,0.0225
