method,data_creation,data_processing,training,evaluation,Total
baseline,0.0,0.0,0.0,0.0,0.0
gat,0.0,0.001388888888888889,0.1411111111111111,0.0,0.1425
pdgrapher,0.0,0.0019444444444444444,0.17333333333333334,0.0,0.17527777777777778
pdgrapher_nognn,0.0,0.0019444444444444444,0.0475,0.0,0.049444444444444444
