method,data_creation,data_processing,training,evaluation,Total
baseline,0.0,0.0,0.0,0.0,0.0
gat,0.0,0.0022222222222222222,0.10444444444444445,0.0,0.10666666666666667
pdgrapher,0.0,0.0022222222222222222,0.08388888888888889,0.0,0.08611111111111111
pdgrapher_nognn,0.0,0.0025,0.018333333333333333,0.0,0.020833333333333332
