method,data_creation,data_processing,training,evaluation,Total
baseline,0.0,0.0,0.0,0.0,0.0
gat,0.0,0.058888888888888886,1.0447222222222223,0.0,1.1036111111111113
pdgrapher,0.0,0.125,2.315,0.0,2.44
pdgrapher_nognn,0.0,0.11583333333333333,0.5116666666666667,0.0,0.6275000000000001
