method,data_creation,data_processing,training,evaluation,Total
baseline,0.0,0.0,0.0,0.0,0.0
gat,0.0,0.006944444444444444,0.7325,0.0,0.7394444444444445
pdgrapher,0.0,0.0019444444444444444,2.4283333333333332,0.0,2.4302777777777775
pdgrapher_nognn,0.0,0.0019444444444444444,0.6088888888888889,0.0,0.6108333333333333
