method,data_creation,data_processing,training,evaluation,Total
gat,0.0,0.02388888888888889,1.0538888888888889,0.0,1.0777777777777777
pdgrapher,0.0,0.026111111111111113,2.0388888888888888,0.0,2.065
pdgrapher_nognn,0.0,0.025833333333333333,0.8433333333333334,0.0,0.8691666666666668
