method,data_creation,data_processing,training,evaluation,Total
baseline,0.0,0.0,0.0,0.0,0.0
gat,0.0,0.010277777777777778,0.03861111111111111,0.0,0.048888888888888885
pdgrapher,0.0,0.005277777777777778,0.05722222222222222,0.0,0.0625
pdgrapher_nognn,0.0,0.004722222222222222,0.028333333333333332,0.0,0.03305555555555555
