method,data_creation,data_processing,training,evaluation,Total
baseline,0.0,0.0,0.0,0.0,0.0
gat,0.0,0.001388888888888889,0.05527777777777778,0.0,0.05666666666666667
pdgrapher,0.0,0.001388888888888889,0.09027777777777778,0.0,0.09166666666666666
pdgrapher_nognn,0.0,0.0019444444444444444,0.029722222222222223,0.0,0.03166666666666667
