method,data_creation,data_processing,training,evaluation,Total
baseline,0.0,0.0,0.0,0.0,0.0
gat,0.0,0.001388888888888889,0.05361111111111111,0.0,0.055
pdgrapher,0.0,0.001388888888888889,0.09555555555555556,0.0,0.09694444444444444
pdgrapher_nognn,0.0,0.001388888888888889,0.021111111111111112,0.0,0.0225
