method,data_creation,data_processing,training,evaluation,Total
baseline,0.0,0.0,0.0,0.0,0.0
gat,0.0,0.0022222222222222222,0.04027777777777778,0.0,0.0425
pdgrapher,0.0,0.0019444444444444444,0.09194444444444444,0.0,0.09388888888888888
pdgrapher_nognn,0.0,0.0022222222222222222,0.02861111111111111,0.0,0.030833333333333334
