method,data_creation,data_processing,training,evaluation,Total
baseline,0.0,0.0,0.0,0.0,0.0
gat,0.0,0.001388888888888889,0.05388888888888889,0.0,0.05527777777777778
pdgrapher,0.0,0.001388888888888889,0.11888888888888889,0.0,0.12027777777777778
pdgrapher_nognn,0.0,0.0022222222222222222,0.029444444444444443,0.0,0.03166666666666666
triple_comparison,0.0,0.0,0.0,0.0,0.0
