method,data_creation,data_processing,training,evaluation,Total
baseline,0.0,0.0,0.0,0.0,0.0
gat,0.0,0.008888888888888889,0.5730555555555555,0.0,0.5819444444444444
pdgrapher,0.0,0.0016666666666666668,0.9277777777777778,0.0,0.9294444444444445
pdgrapher_nognn,0.0,0.0016666666666666668,0.6036111111111111,0.0,0.6052777777777778
