method,data_creation,data_processing,training,evaluation,Total
baseline,0.0,0.0,0.0,0.0,0.0
gat,0.0,0.05472222222222222,0.6616666666666666,0.0,0.7163888888888889
pdgrapher,0.0,0.1,1.165,0.0,1.2650000000000001
pdgrapher_nognn,0.0,0.10027777777777777,0.6483333333333333,0.0,0.7486111111111111
