method,data_creation,data_processing,training,evaluation,Total
baseline,0.0,0.0,0.0,0.0,0.0
gat,0.0,0.013055555555555556,0.7036111111111111,0.0,0.7166666666666667
pdgrapher,0.0,0.0025,1.4708333333333334,0.0,1.4733333333333334
pdgrapher_nognn,0.0,0.0025,0.6722222222222223,0.0,0.6747222222222222
