method,data_creation,data_processing,training,evaluation,Total
baseline,0.0,0.0,0.0,0.0,0.0
gat,0.0,0.020833333333333332,0.0,0.0,0.020833333333333332
pdgrapher,0.0,0.03166666666666667,0.15555555555555556,0.0,0.18722222222222223
pdgrapher_nognn,0.0,0.03166666666666667,0.15666666666666668,0.0,0.18833333333333335
