method,data_creation,data_processing,training,evaluation,Total
baseline,0.0,0.0,0.0,0.0,0.0
gat,0.0,0.0016666666666666668,0.0,0.0,0.0016666666666666668
pdgrapher,0.0,0.0016666666666666668,0.16722222222222222,0.0,0.1688888888888889
pdgrapher_nognn,0.0,0.0016666666666666668,0.105,0.0,0.10666666666666666
