method,data_creation,data_processing,training,evaluation,Total
baseline,0.0,0.0,0.0,0.0,0.0
gat,0.0,0.013333333333333334,0.9880555555555556,0.0,1.0013888888888889
pdgrapher,0.0,0.004166666666666667,1.9325,0.0,1.9366666666666668
pdgrapher_nognn,0.0,0.0030555555555555557,1.1747222222222222,0.0,1.1777777777777778
