method,data_creation,data_processing,training,evaluation,Total
baseline,0.0,0.0,0.0,0.0,0.0
gat,0.0,0.012777777777777779,0.8838888888888888,0.0,0.8966666666666666
pdgrapher,0.0,0.0025,2.5372222222222223,0.0,2.539722222222222
pdgrapher_nognn,0.0,0.0025,1.6377777777777778,0.0,1.6402777777777777
