method,data_creation,data_processing,training,evaluation,Total
baseline,0.0,0.0,0.0,0.0,0.0
gat,0.0,0.009444444444444445,1.1083333333333334,0.0,1.1177777777777778
pdgrapher,0.0,0.0016666666666666668,2.66,0.0,2.6616666666666666
pdgrapher_nognn,0.0,0.0016666666666666668,1.0363888888888888,0.0,1.0380555555555555
