method,data_creation,data_processing,training,evaluation,Total
baseline,0.0,0.0,0.0,0.0,0.0
gat,0.0,0.08027777777777778,1.4208333333333334,0.0,1.5011111111111113
pdgrapher,0.0,0.17222222222222222,3.611388888888889,0.0,3.783611111111111
pdgrapher_nognn,0.0,0.17222222222222222,1.1469444444444445,0.0,1.3191666666666668
