method,data_creation,data_processing,training,evaluation,Total
baseline,0.0,0.0,0.0,0.0,0.0
gat,0.0,0.0016666666666666668,0.16027777777777777,0.0,0.16194444444444445
pdgrapher,0.0,0.0016666666666666668,0.15777777777777777,0.0,0.15944444444444444
pdgrapher_nognn,0.0,0.0016666666666666668,0.06722222222222222,0.0,0.06888888888888889
