method,data_creation,data_processing,training,evaluation,Total
baseline,0.0,0.0,0.0,0.0,0.0
gat,0.0,0.0019444444444444444,0.24722222222222223,0.0,0.24916666666666668
pdgrapher,0.0,0.0019444444444444444,0.12694444444444444,0.0,0.1288888888888889
pdgrapher_nognn,0.0,0.0019444444444444444,0.08527777777777777,0.0,0.08722222222222221
