method,data_creation,data_processing,training,evaluation,Total
baseline,0.0,0.0,0.0,0.0,0.0
gat,0.0,0.013888888888888888,0.205,0.0,0.21888888888888888
pdgrapher,0.0,0.024166666666666666,0.1275,0.0,0.15166666666666667
pdgrapher_nognn,0.0,0.025555555555555557,0.13694444444444445,0.0,0.1625
