method,data_creation,data_processing,training,evaluation,Total
baseline,0.0,0.0,0.0,0.0,0.0
gat,0.0,0.0019444444444444444,0.20166666666666666,0.0,0.2036111111111111
pdgrapher,0.0,0.0016666666666666668,0.17277777777777778,0.0,0.17444444444444446
pdgrapher_nognn,0.0,0.0016666666666666668,0.07055555555555555,0.0,0.07222222222222222
