method,data_creation,data_processing,training,evaluation,Total
baseline,0.0,0.0,0.0,0.0,0.0
gat,0.0,0.0044444444444444444,0.20472222222222222,0.0,0.20916666666666667
pdgrapher,0.0,0.0019444444444444444,0.13361111111111112,0.0,0.13555555555555557
pdgrapher_nognn,0.0,0.0016666666666666668,0.1063888888888889,0.0,0.10805555555555556
