method,data_creation,data_processing,training,evaluation,Total
baseline,0.0,0.0,0.0,0.0,0.0
gat,0.0,0.023055555555555555,0.4127777777777778,0.0,0.43583333333333335
pdgrapher,0.0,0.03333333333333333,0.18888888888888888,0.0,0.2222222222222222
pdgrapher_nognn,0.0,0.034166666666666665,0.1275,0.0,0.16166666666666668
triple_comparison,0.0,0.0,0.0,0.0,0.0
