method,data_creation,data_processing,training,evaluation,Total
baseline,0.0,0.0,0.0,0.0,0.0
gat,0.0,0.023055555555555555,0.3938888888888889,0.0,0.41694444444444445
pdgrapher,0.0,0.03333333333333333,0.18694444444444444,0.0,0.22027777777777777
pdgrapher_nognn,0.0,0.034166666666666665,0.10972222222222222,0.0,0.1438888888888889
