method,data_creation,data_processing,training,evaluation,Total
baseline,0.0,0.0,0.0,0.0,0.0
gat,0.0,0.0016666666666666668,0.46166666666666667,0.0,0.4633333333333333
pdgrapher,0.0,0.001388888888888889,0.18694444444444444,0.0,0.18833333333333332
pdgrapher_nognn,0.0,0.001388888888888889,0.11944444444444445,0.0,0.12083333333333333
