method,data_creation,data_processing,training,evaluation,Total
baseline,0.0,0.0,0.0,0.0,0.0
gat,0.0,0.020555555555555556,0.0,0.0,0.020555555555555556
pdgrapher,0.0,0.015833333333333335,0.24555555555555555,0.0,0.2613888888888889
pdgrapher_nognn,0.0,0.015833333333333335,0.09555555555555556,0.0,0.1113888888888889
