method,data_creation,data_processing,training,evaluation,Total
baseline,0.0,0.0,0.0,0.0,0.0
gat,0.0,0.03,0.0,0.0,0.03
pdgrapher,0.0,0.0030555555555555557,0.25222222222222224,0.0,0.25527777777777777
pdgrapher_nognn,0.0,0.005555555555555556,0.08638888888888889,0.0,0.09194444444444444
