method,data_creation,data_processing,training,evaluation,Total
baseline,0.0,0.0,0.0,0.0,0.0
gat,0.0,0.0019444444444444444,0.0,0.0,0.0019444444444444444
pdgrapher,0.0,0.0019444444444444444,0.4938888888888889,0.0,0.49583333333333335
pdgrapher_nognn,0.0,0.0019444444444444444,0.13305555555555557,0.0,0.135
