method,data_creation,data_processing,training,evaluation,Total
baseline,0.0,0.0,0.0,0.0,0.0
dual_comparison,0.0,0.0,0.0,0.0,0.0
gat,0.0,0.0019444444444444444,0.0,0.0,0.0019444444444444444
pdgrapher,0.0,0.0019444444444444444,0.38666666666666666,0.0,0.38861111111111113
pdgrapher_nognn,0.0,0.0016666666666666668,0.09888888888888889,0.0,0.10055555555555555
