method,data_creation,data_processing,training,evaluation,Total
baseline,0.0,0.0,0.0,0.0,0.0
gat,0.0,0.021666666666666667,0.0,0.0,0.021666666666666667
pdgrapher,0.0,0.020833333333333332,0.27444444444444444,0.0,0.29527777777777775
pdgrapher_nognn,0.0,0.020277777777777777,0.07944444444444444,0.0,0.09972222222222221
