method,data_creation,data_processing,training,evaluation,Total
baseline,0.0,0.0,0.0,0.0,0.0
gat,0.0,0.02638888888888889,0.0,0.0,0.02638888888888889
pdgrapher,0.0,0.04611111111111111,0.28444444444444444,0.0,0.33055555555555555
pdgrapher_nognn,0.0,0.04638888888888889,0.13055555555555556,0.0,0.17694444444444446
