method,data_creation,data_processing,training,evaluation,Total
baseline,0.0,0.0,0.0,0.0,0.0
gat,0.0,0.002777777777777778,0.3636111111111111,0.0,0.3663888888888889
pdgrapher,0.0,0.0011111111111111111,0.185,0.0,0.18611111111111112
pdgrapher_nognn,0.0,0.0019444444444444444,0.16972222222222222,0.0,0.17166666666666666
triple_comparison,0.0,0.0,0.0,0.0,0.0
