method,data_creation,data_processing,training,evaluation,Total
baseline,0.0,0.0,0.0,0.0,0.0
gat,0.0,0.001388888888888889,0.0,0.0,0.001388888888888889
pdgrapher,0.0,0.001388888888888889,0.11583333333333333,0.0,0.11722222222222221
pdgrapher_nognn,0.0,0.001388888888888889,0.08666666666666667,0.0,0.08805555555555555
