method,data_creation,data_processing,training,evaluation,Total
baseline,0.0,0.0,0.0,0.0,0.0
gat,0.0,0.0019444444444444444,0.0,0.0,0.0019444444444444444
pdgrapher,0.0,0.0016666666666666668,0.13194444444444445,0.0,0.13361111111111112
pdgrapher_nognn,0.0,0.0016666666666666668,0.095,0.0,0.09666666666666666
