method,data_creation,data_processing,training,evaluation,Total
baseline,0.0,0.0,0.0,0.0,0.0
gat,0.0,0.002777777777777778,0.0,0.0,0.002777777777777778
pdgrapher,0.0,0.001388888888888889,0.13833333333333334,0.0,0.13972222222222222
pdgrapher_nognn,0.0,0.0019444444444444444,0.09277777777777778,0.0,0.09472222222222222
