method,data_creation,data_processing,training,evaluation,Total
baseline,0.0,0.0,0.0,0.0,0.0
gat,0.0,0.0033333333333333335,0.0,0.0,0.0033333333333333335
pdgrapher,0.0,0.004166666666666667,0.1411111111111111,0.0,0.14527777777777778
pdgrapher_nognn,0.0,0.0038888888888888888,0.10388888888888889,0.0,0.10777777777777778
