method,data_creation,data_processing,training,evaluation,Total
baseline,0.0,0.0,0.0,0.0,0.0
gat,0.0,0.002777777777777778,0.0,0.0,0.002777777777777778
pdgrapher,0.0,0.002777777777777778,0.13722222222222222,0.0,0.13999999999999999
pdgrapher_nognn,0.0,0.0022222222222222222,0.0925,0.0,0.09472222222222222
