method,data_creation,data_processing,training,evaluation,Total
baseline,0.0,0.0,0.0,0.0,0.0
gat,0.0,0.024166666666666666,0.07361111111111111,0.0,0.09777777777777778
pdgrapher,0.0,0.0016666666666666668,0.095,0.0,0.09666666666666666
pdgrapher_nognn,0.0,0.005,0.024722222222222222,0.0,0.029722222222222223
