method,data_creation,data_processing,training,evaluation,Total
baseline,0.0,0.0,0.0,0.0,0.0
gat,0.0,0.0019444444444444444,0.41305555555555556,0.0,0.41500000000000004
pdgrapher,0.0,0.007222222222222222,0.7141666666666666,0.0,0.7213888888888889
pdgrapher_nognn,0.0,0.007222222222222222,0.1363888888888889,0.0,0.1436111111111111
