method,data_creation,data_processing,training,evaluation,Total
baseline,0.0,0.0,0.0,0.0,0.0
gat,0.0,0.0019444444444444444,0.29305555555555557,0.0,0.29500000000000004
pdgrapher,0.0,0.0016666666666666668,0.1827777777777778,0.0,0.18444444444444447
pdgrapher_nognn,0.0,0.0016666666666666668,0.12694444444444444,0.0,0.12861111111111112
