method,data_creation,data_processing,training,evaluation,Total
baseline,0.0,0.0,0.0,0.0,0.0
gat,0.0,0.018055555555555554,0.2525,0.0,0.27055555555555555
pdgrapher,0.0,0.03194444444444444,0.19361111111111112,0.0,0.22555555555555556
pdgrapher_nognn,0.0,0.025,0.11472222222222223,0.0,0.13972222222222222
