method,data_creation,data_processing,training,evaluation,Total
baseline,0.0,0.0,0.0,0.0,0.0
gat,0.0,0.018055555555555554,0.3388888888888889,0.0,0.35694444444444445
pdgrapher,0.0,0.03194444444444444,0.19361111111111112,0.0,0.22555555555555556
pdgrapher_nognn,0.0,0.025,0.13166666666666665,0.0,0.15666666666666665
triple_comparison,0.0,0.0,0.0,0.0,0.0
