method,data_creation,data_processing,training,evaluation,Total
baseline,0.0,0.0,0.0,0.0,0.0
gat,0.0,0.0025,1.1747222222222222,0.0,1.1772222222222222
pdgrapher,0.0,0.0019444444444444444,1.6166666666666667,0.0,1.6186111111111112
pdgrapher_nognn,0.0,0.0019444444444444444,0.7841666666666667,0.0,0.7861111111111111
triple_comparison,0.0,0.0,0.0,0.0,0.0
