method,data_creation,data_processing,training,evaluation,Total
baseline,0.0,0.0,0.0,0.0,0.0
gat,0.0,0.09194444444444444,0.8058333333333333,0.0,0.8977777777777778
pdgrapher,0.0,0.13472222222222222,1.1583333333333334,0.0,1.2930555555555556
pdgrapher_nognn,0.0,0.14083333333333334,0.8605555555555555,0.0,1.0013888888888889
