method,data_creation,data_processing,training,evaluation,Total
baseline,0.0,0.0,0.0,0.0,0.0
gat,0.0,0.0025,0.9208333333333333,0.0,0.9233333333333332
pdgrapher,0.0,0.0019444444444444444,1.6166666666666667,0.0,1.6186111111111112
pdgrapher_nognn,0.0,0.0019444444444444444,0.7802777777777777,0.0,0.7822222222222222
