method,data_creation,data_processing,training,evaluation,Total
baseline,0.0,0.0,0.0,0.0,0.0
gat,0.0,0.001388888888888889,0.06666666666666667,0.0,0.06805555555555555
pdgrapher,0.0,0.0016666666666666668,0.10222222222222223,0.0,0.10388888888888889
pdgrapher_nognn,0.0,0.0016666666666666668,0.0325,0.0,0.034166666666666665
