method,data_creation,data_processing,training,evaluation,Total
baseline,0.0,0.0,0.0,0.0,0.0
gat,0.0,0.011666666666666667,0.03111111111111111,0.0,0.042777777777777776
pdgrapher,0.0,0.008888888888888889,0.1463888888888889,0.0,0.1552777777777778
pdgrapher_nognn,0.0,0.009166666666666667,0.03277777777777778,0.0,0.04194444444444445
