method,data_creation,data_processing,training,evaluation,Total
baseline,0.0,0.0,0.0,0.0,0.0
gat,0.0,0.001388888888888889,0.06861111111111111,0.0,0.06999999999999999
pdgrapher,0.0,0.001388888888888889,0.14444444444444443,0.0,0.14583333333333331
pdgrapher_nognn,0.0,0.001388888888888889,0.05138888888888889,0.0,0.05277777777777778
triple_comparison,0.0,0.0,0.0,0.0,0.0
