method,data_creation,data_processing,training,evaluation,Total
baseline,0.0,0.0,0.0,0.0,0.0
gat,0.0,0.0016666666666666668,0.0,0.0,0.0016666666666666668
pdgrapher,0.0,0.0016666666666666668,0.16083333333333333,0.0,0.1625
pdgrapher_nognn,0.0,0.0016666666666666668,0.10166666666666667,0.0,0.10333333333333333
