method,data_creation,data_processing,training,evaluation,Total
baseline,0.0,0.0,0.0,0.0,0.0
gat,0.0,0.005555555555555556,0.3233333333333333,0.0,0.32888888888888884
pdgrapher,0.0,0.0075,0.36666666666666664,0.0,0.37416666666666665
pdgrapher_nognn,0.0,0.006666666666666667,0.1463888888888889,0.0,0.15305555555555556
