method,data_creation,data_processing,training,evaluation,Total
gat,0.0,0.06111111111111111,1.2983333333333333,0.0,1.3594444444444445
pdgrapher,0.0,0.15166666666666667,2.413611111111111,0.0,2.5652777777777778
pdgrapher_nognn,0.0,0.15166666666666667,0.7958333333333333,0.0,0.9475
