method,data_creation,data_processing,training,evaluation,Total
gat,0.0,0.009444444444444445,1.335,0.0,1.3444444444444443
pdgrapher,0.0,0.002777777777777778,2.825833333333333,0.0,2.828611111111111
pdgrapher_nognn,0.0,0.0019444444444444444,0.7627777777777778,0.0,0.7647222222222222
