method,data_creation,data_processing,training,evaluation,Total
gat,0.0,0.016944444444444446,1.0105555555555557,0.0,1.0275
pdgrapher,0.0,0.004722222222222222,2.773888888888889,0.0,2.778611111111111
pdgrapher_nognn,0.0,0.004722222222222222,0.8788888888888889,0.0,0.8836111111111111
