method,data_creation,data_processing,training,evaluation,Total
baseline,0.0,0.0,0.0,0.0,0.0
gat,0.0,0.0022222222222222222,0.0019444444444444444,0.0,0.004166666666666667
pdgrapher,0.0,0.0022222222222222222,1.9480555555555557,0.0,1.9502777777777778
pdgrapher_nognn,0.0,0.0019444444444444444,0.0022222222222222222,0.0,0.004166666666666667
