method,data_creation,data_processing,training,evaluation,Total
baseline,0.0,0.0,0.0,0.0,0.0
gat,0.0,0.0025,0.3963888888888889,0.0,0.3988888888888889
pdgrapher,0.0,0.001388888888888889,0.23416666666666666,0.0,0.23555555555555555
pdgrapher_nognn,0.0,0.001388888888888889,0.12666666666666668,0.0,0.12805555555555556
