method,data_creation,data_processing,training,evaluation,Total
baseline,0.0,0.0,0.0,0.0,0.0
gat,0.0,0.01888888888888889,0.30666666666666664,0.0,0.32555555555555554
pdgrapher,0.0,0.03111111111111111,0.2902777777777778,0.0,0.3213888888888889
pdgrapher_nognn,0.0,0.025555555555555557,0.17527777777777778,0.0,0.20083333333333334
