method,data_creation,data_processing,training,evaluation,Total
baseline,0.0,0.0,0.0,0.0,0.0
gat,0.0,0.001388888888888889,0.4436111111111111,0.0,0.445
pdgrapher,0.0,0.001388888888888889,0.29333333333333333,0.0,0.2947222222222222
pdgrapher_nognn,0.0,0.0022222222222222222,0.15333333333333332,0.0,0.15555555555555553
