method,data_creation,data_processing,training,evaluation,Total
baseline,0.0,0.0,0.0,0.0,0.0
gat,0.0,0.0025,0.3963888888888889,0.0,0.3988888888888889
pdgrapher,0.0,0.001388888888888889,0.27694444444444444,0.0,0.2783333333333333
pdgrapher_nognn,0.0,0.001388888888888889,0.16472222222222221,0.0,0.1661111111111111
