method,data_creation,data_processing,training,evaluation,Total
baseline,0.0,0.0,0.0,0.0,0.0
gat,0.0,0.0030555555555555557,0.0,0.0,0.0030555555555555557
pdgrapher,0.0,0.0022222222222222222,0.2263888888888889,0.0,0.2286111111111111
pdgrapher_nognn,0.0,0.0022222222222222222,0.1411111111111111,0.0,0.1433333333333333
