method,data_creation,data_processing,training,evaluation,Total
baseline,0.0,0.0,0.0,0.0,0.0
gat,0.0,0.0016666666666666668,0.0,0.0,0.0016666666666666668
pdgrapher,0.0,0.0019444444444444444,0.18444444444444444,0.0,0.18638888888888888
pdgrapher_nognn,0.0,0.0019444444444444444,0.10944444444444444,0.0,0.11138888888888888
