method,data_creation,data_processing,training,evaluation,Total
baseline,0.0,0.0,0.0,0.0,0.0
gat,0.0,0.015277777777777777,0.0,0.0,0.015277777777777777
pdgrapher,0.0,0.02,0.3375,0.0,0.35750000000000004
pdgrapher_nognn,0.0,0.020277777777777777,0.5136111111111111,0.0,0.5338888888888889
