method,data_creation,data_processing,training,evaluation,Total
baseline,0.0,0.0,0.0,0.0,0.0
gat,0.0,0.001388888888888889,0.0,0.0,0.001388888888888889
pdgrapher,0.0,0.0022222222222222222,0.1375,0.0,0.13972222222222222
pdgrapher_nognn,0.0,0.0022222222222222222,0.10083333333333333,0.0,0.10305555555555555
