method,data_creation,data_processing,training,evaluation,Total
baseline,0.0,0.0,0.0,0.0,0.0
gat,0.0,0.011666666666666667,0.0,0.0,0.011666666666666667
pdgrapher,0.0,0.03194444444444444,0.145,0.0,0.17694444444444443
pdgrapher_nognn,0.0,0.027777777777777776,0.08416666666666667,0.0,0.11194444444444444
