method,data_creation,data_processing,training,evaluation,Total
baseline,0.0,0.0,0.0,0.0,0.0
gat,0.0,0.001388888888888889,0.1938888888888889,0.0,0.19527777777777777
pdgrapher,0.0,0.0019444444444444444,0.12027777777777778,0.0,0.12222222222222222
pdgrapher_nognn,0.0,0.0019444444444444444,0.07833333333333334,0.0,0.08027777777777778
