method,data_creation,data_processing,training,evaluation,Total
baseline,0.0,0.0,0.0,0.0,0.0
gat,0.0,0.015555555555555555,0.20222222222222222,0.0,0.21777777777777776
pdgrapher,0.0,0.018333333333333333,0.1686111111111111,0.0,0.18694444444444444
pdgrapher_nognn,0.0,0.018333333333333333,0.08333333333333333,0.0,0.10166666666666666
