method,data_creation,data_processing,training,evaluation,Total
baseline,0.0,0.0,0.0,0.0,0.0
gat,0.0,0.002777777777777778,0.32222222222222224,0.0,0.325
pdgrapher,0.0,0.0011111111111111111,0.14277777777777778,0.0,0.1438888888888889
pdgrapher_nognn,0.0,0.0011111111111111111,0.07277777777777777,0.0,0.07388888888888888
