method,data_creation,data_processing,training,evaluation,Total
baseline,0.0,0.0,0.0,0.0,0.0
gat,0.0,0.0016666666666666668,0.16055555555555556,0.0,0.16222222222222224
pdgrapher,0.0,0.0016666666666666668,0.24833333333333332,0.0,0.25
pdgrapher_nognn,0.0,0.0016666666666666668,0.14722222222222223,0.0,0.1488888888888889
