method,data_creation,data_processing,training,evaluation,Total
baseline,0.0,0.0,0.0,0.0,0.0
gat,0.0,0.0016666666666666668,0.29888888888888887,0.0,0.3005555555555555
pdgrapher,0.0,0.0016666666666666668,0.13972222222222222,0.0,0.1413888888888889
pdgrapher_nognn,0.0,0.0016666666666666668,0.08777777777777777,0.0,0.08944444444444444
