method,data_creation,data_processing,training,evaluation,Total
baseline,0.0,0.0,0.0,0.0,0.0
gat,0.0,0.014444444444444444,0.0,0.0,0.014444444444444444
pdgrapher,0.0,0.026111111111111113,0.19055555555555556,0.0,0.21666666666666667
pdgrapher_nognn,0.0,0.02388888888888889,0.10388888888888889,0.0,0.12777777777777777
