method,data_creation,data_processing,training,evaluation,Total
baseline,0.0,0.0,0.0,0.0,0.0
gat,0.0,0.0019444444444444444,0.0,0.0,0.0019444444444444444
pdgrapher,0.0,0.0011111111111111111,0.17972222222222223,0.0,0.18083333333333335
pdgrapher_nognn,0.0,0.0011111111111111111,0.08777777777777777,0.0,0.08888888888888888
