method,data_creation,data_processing,training,evaluation,Total
baseline,0.0,0.0,0.0,0.0,0.0
gat,0.0,0.0016666666666666668,0.0,0.0,0.0016666666666666668
pdgrapher,0.0,0.001388888888888889,0.1686111111111111,0.0,0.16999999999999998
pdgrapher_nognn,0.0,0.005833333333333334,0.08388888888888889,0.0,0.08972222222222222
