method,data_creation,data_processing,training,evaluation,Total
baseline,0.0,0.0,0.0,0.0,0.0
gat,0.0,0.0025,0.0,0.0,0.0025
pdgrapher,0.0,0.0016666666666666668,0.36972222222222223,0.0,0.3713888888888889
pdgrapher_nognn,0.0,0.0019444444444444444,0.09111111111111111,0.0,0.09305555555555556
