method,data_creation,data_processing,training,evaluation,Total
baseline,0.0,0.0,0.0,0.0,0.0
gat,0.0,0.0019444444444444444,0.0,0.0,0.0019444444444444444
pdgrapher,0.0,0.001388888888888889,0.19305555555555556,0.0,0.19444444444444445
pdgrapher_nognn,0.0,0.001388888888888889,0.08361111111111111,0.0,0.08499999999999999
