method,data_creation,data_processing,training,evaluation,Total
baseline,0.0,0.0,0.0,0.0,0.0
gat,0.0,0.03333333333333333,11.479166666666666,0.0,11.5125
pdgrapher,0.0,0.025277777777777777,2.1863888888888887,0.0,2.2116666666666664
pdgrapher_nognn,0.0,0.025555555555555557,0.6277777777777778,0.0,0.6533333333333333
