method,data_creation,data_processing,training,evaluation,Total
baseline,0.0,0.0,0.0,0.0,0.0
gat,0.0,0.017777777777777778,0.0,0.0,0.017777777777777778
pdgrapher,0.0,0.04111111111111111,0.17944444444444443,0.0,0.22055555555555556
pdgrapher_nognn,0.0,0.04083333333333333,0.12583333333333332,0.0,0.16666666666666666
