method,data_creation,data_processing,training,evaluation,Total
gat,0.0,0.01,0.9111111111111111,0.0,0.9211111111111111
pdgrapher,0.0,0.0016666666666666668,1.8169444444444445,0.0,1.8186111111111112
pdgrapher_nognn,0.0,0.0016666666666666668,0.7216666666666667,0.0,0.7233333333333334
