method,data_creation,data_processing,training,evaluation,Total
baseline,0.0,0.0,0.0,0.0,0.0
gat,0.0,0.001388888888888889,0.0,0.0,0.001388888888888889
pdgrapher,0.0,0.0011111111111111111,0.1575,0.0,0.15861111111111112
pdgrapher_nognn,0.0,0.001388888888888889,0.09444444444444444,0.0,0.09583333333333333
