method,data_creation,data_processing,training,evaluation,Total
baseline,0.0,0.0,0.0,0.0,0.0
gat,0.0,0.0019444444444444444,0.0,0.0,0.0019444444444444444
pdgrapher,0.0,0.0019444444444444444,0.15555555555555556,0.0,0.1575
pdgrapher_nognn,0.0,0.0019444444444444444,0.14583333333333334,0.0,0.14777777777777779
