method,data_creation,data_processing,training,evaluation,Total
baseline,0.0,0.0,0.0,0.0,0.0
gat,0.0,0.002777777777777778,0.0,0.0,0.002777777777777778
pdgrapher,0.0,0.0030555555555555557,0.1688888888888889,0.0,0.17194444444444446
pdgrapher_nognn,0.0,0.003611111111111111,0.1,0.0,0.10361111111111111
