method,data_creation,data_processing,training,evaluation,Total
baseline,0.0,0.0,0.0,0.0,0.0
gat,0.0,0.0016666666666666668,0.0,0.0,0.0016666666666666668
pdgrapher,0.0,0.0019444444444444444,0.16666666666666666,0.0,0.1686111111111111
pdgrapher_nognn,0.0,0.0019444444444444444,0.10333333333333333,0.0,0.10527777777777778
