method,data_creation,data_processing,training,evaluation,Total
baseline,0.0,0.0,0.0,0.0,0.0
gat,0.0,0.002777777777777778,0.0,0.0,0.002777777777777778
pdgrapher,0.0,0.001388888888888889,0.17666666666666667,0.0,0.17805555555555555
pdgrapher_nognn,0.0,0.001388888888888889,0.10527777777777778,0.0,0.10666666666666666
