method,data_creation,data_processing,training,evaluation,Total
baseline,0.0,0.0,0.0,0.0,0.0
gat,0.0,0.0016666666666666668,0.32472222222222225,0.0,0.3263888888888889
pdgrapher,0.0,0.0011111111111111111,0.25527777777777777,0.0,0.2563888888888889
pdgrapher_nognn,0.0,0.0011111111111111111,0.07916666666666666,0.0,0.08027777777777777
