method,data_creation,data_processing,training,evaluation,Total
baseline,0.0,0.0,0.0,0.0,0.0
gat,0.0,0.001388888888888889,0.0,0.0,0.001388888888888889
pdgrapher,0.0,0.0011111111111111111,0.16305555555555556,0.0,0.16416666666666668
pdgrapher_nognn,0.0,0.0011111111111111111,0.10777777777777778,0.0,0.10888888888888888
