method,data_creation,data_processing,training,evaluation,Total
baseline,0.0,0.0,0.0,0.0,0.0
gat,0.0,0.0011111111111111111,0.0,0.0,0.0011111111111111111
pdgrapher,0.0,0.0011111111111111111,0.1686111111111111,0.0,0.16972222222222222
pdgrapher_nognn,0.0,0.0011111111111111111,0.11444444444444445,0.0,0.11555555555555555
