method,data_creation,data_processing,training,evaluation,Total
baseline,0.0,0.0,0.0,0.0,0.0
gat,0.0,0.0016666666666666668,0.0,0.0,0.0016666666666666668
pdgrapher,0.0,0.0030555555555555557,0.1688888888888889,0.0,0.17194444444444446
pdgrapher_nognn,0.0,0.0030555555555555557,0.12333333333333334,0.0,0.12638888888888888
