method,data_creation,data_processing,training,evaluation,Total
baseline,0.0,0.0,0.0,0.0,0.0
gat,0.0,0.002777777777777778,0.0,0.0,0.002777777777777778
pdgrapher,0.0,0.001388888888888889,0.2288888888888889,0.0,0.23027777777777778
pdgrapher_nognn,0.0,0.001388888888888889,0.0875,0.0,0.08888888888888888
