method,data_creation,data_processing,training,evaluation,Total
baseline,0.0,0.0,0.0,0.0,0.0
gat,0.0,0.0030555555555555557,0.0,0.0,0.0030555555555555557
pdgrapher,0.0,0.0016666666666666668,0.2075,0.0,0.20916666666666667
pdgrapher_nognn,0.0,0.0019444444444444444,0.0913888888888889,0.0,0.09333333333333334
