method,data_creation,data_processing,training,evaluation,Total
baseline,0.0,0.0,0.0,0.0,0.0
gat,0.0,0.001388888888888889,0.0,0.0,0.001388888888888889
pdgrapher,0.0,0.001388888888888889,0.07166666666666667,0.0,0.07305555555555555
pdgrapher_nognn,0.0,0.0019444444444444444,0.03388888888888889,0.0,0.035833333333333335
