method,data_creation,data_processing,training,evaluation,Total
baseline,0.0,0.0,0.0,0.0,0.0
gat,0.0,0.0011111111111111111,0.0,0.0,0.0011111111111111111
pdgrapher,0.0,0.0022222222222222222,0.1388888888888889,0.0,0.1411111111111111
pdgrapher_nognn,0.0,0.0022222222222222222,0.0913888888888889,0.0,0.09361111111111112
