method,data_creation,data_processing,training,evaluation,Total
baseline,0.0,0.0,0.0,0.0,0.0
gat,0.0,0.015833333333333335,0.0,0.0,0.015833333333333335
pdgrapher,0.0,0.02666666666666667,0.1388888888888889,0.0,0.16555555555555557
pdgrapher_nognn,0.0,0.026944444444444444,0.09666666666666666,0.0,0.12361111111111112
