method,data_creation,data_processing,training,evaluation,Total
baseline,0.0,0.0,0.0,0.0,0.0
gat,0.0,0.0019444444444444444,0.0,0.0,0.0019444444444444444
pdgrapher,0.0,0.0030555555555555557,0.13583333333333333,0.0,0.1388888888888889
pdgrapher_nognn,0.0,0.0025,0.10527777777777778,0.0,0.10777777777777778
