method,data_creation,data_processing,training,evaluation,Total
baseline,0.0,0.0,0.0,0.0,0.0
gat,0.0,0.001388888888888889,0.0,0.0,0.001388888888888889
pdgrapher,0.0,0.0016666666666666668,0.13777777777777778,0.0,0.13944444444444445
pdgrapher_nognn,0.0,0.0016666666666666668,0.09666666666666666,0.0,0.09833333333333333
