method,data_creation,data_processing,training,evaluation,Total
baseline,0.0,0.0,0.0,0.0,0.0
gat,0.0,0.0022222222222222222,0.0,0.0,0.0022222222222222222
pdgrapher,0.0,0.0019444444444444444,0.1436111111111111,0.0,0.14555555555555555
pdgrapher_nognn,0.0,0.0019444444444444444,0.08388888888888889,0.0,0.08583333333333333
