method,data_creation,data_processing,training,evaluation,Total
baseline,0.0,0.0,0.0,0.0,0.0
gat,0.0,0.002777777777777778,0.0,0.0,0.002777777777777778
pdgrapher,0.0,0.0016666666666666668,0.14666666666666667,0.0,0.14833333333333334
pdgrapher_nognn,0.0,0.0016666666666666668,0.11472222222222223,0.0,0.11638888888888889
