method,data_creation,data_processing,training,evaluation,Total
baseline,0.0,0.0,0.0,0.0,0.0
gat,0.0,0.0019444444444444444,0.0,0.0,0.0019444444444444444
pdgrapher,0.0,0.001388888888888889,0.1388888888888889,0.0,0.14027777777777778
pdgrapher_nognn,0.0,0.001388888888888889,0.10305555555555555,0.0,0.10444444444444444
