method,data_creation,data_processing,training,evaluation,Total
baseline,0.0,0.0,0.0,0.0,0.0
gat,0.0,0.020277777777777777,0.0,0.0,0.020277777777777777
pdgrapher,0.0,0.030555555555555555,0.16305555555555556,0.0,0.19361111111111112
pdgrapher_nognn,0.0,0.03027777777777778,0.09861111111111111,0.0,0.1288888888888889
