method,data_creation,data_processing,training,evaluation,Total
baseline,0.0,0.0,0.0,0.0,0.0
gat,0.0,0.0019444444444444444,0.0,0.0,0.0019444444444444444
pdgrapher,0.0,0.0022222222222222222,0.18861111111111112,0.0,0.19083333333333333
pdgrapher_nognn,0.0,0.0022222222222222222,0.12305555555555556,0.0,0.12527777777777777
