method,data_creation,data_processing,training,evaluation,Total
baseline,0.0,0.0,0.0,0.0,0.0
gat,0.0,0.002777777777777778,0.0,0.0,0.002777777777777778
pdgrapher,0.0,0.003611111111111111,0.1852777777777778,0.0,0.1888888888888889
pdgrapher_nognn,0.0,0.0022222222222222222,0.1375,0.0,0.13972222222222222
