method,data_creation,data_processing,training,evaluation,Total
baseline,0.0,0.0,0.0,0.0,0.0
gat,0.0,0.0016666666666666668,0.31416666666666665,0.0,0.3158333333333333
pdgrapher,0.0,0.0019444444444444444,0.19,0.0,0.19194444444444445
pdgrapher_nognn,0.0,0.004166666666666667,0.14083333333333334,0.0,0.14500000000000002
