method,data_creation,data_processing,training,evaluation,Total
baseline,0.0,0.0,0.0,0.0,0.0
gat,0.0,0.017777777777777778,0.3458333333333333,0.0,0.3636111111111111
pdgrapher,0.0,0.03277777777777778,0.19194444444444445,0.0,0.2247222222222222
pdgrapher_nognn,0.0,0.035,0.11527777777777778,0.0,0.1502777777777778
