method,data_creation,data_processing,training,evaluation,Total
baseline,0.0,0.0,0.0,0.0,0.0
gat,0.0,0.0022222222222222222,0.6455555555555555,0.0,0.6477777777777778
pdgrapher,0.0,0.0125,0.7013888888888888,0.0,0.7138888888888888
pdgrapher_nognn,0.0,0.0125,0.5030555555555556,0.0,0.5155555555555555
