method,data_creation,data_processing,training,evaluation,Total
baseline,0.0,0.0,0.0,0.0,0.0
gat,0.0,0.0022222222222222222,0.39305555555555555,0.0,0.3952777777777778
pdgrapher,0.0,0.0030555555555555557,0.03305555555555555,0.0,0.03611111111111111
pdgrapher_nognn,0.0,0.002777777777777778,0.019166666666666665,0.0,0.021944444444444444
