method,data_creation,data_processing,training,evaluation,Total
baseline,0.0,0.0,0.0,0.0,0.0
gat,0.0,0.0016666666666666668,0.12555555555555556,0.0,0.12722222222222224
pdgrapher,0.0,0.0016666666666666668,0.22083333333333333,0.0,0.2225
pdgrapher_nognn,0.0,0.0022222222222222222,0.09666666666666666,0.0,0.09888888888888889
