method,data_creation,data_processing,training,evaluation,Total
baseline,0.0,0.0,0.0,0.0,0.0
gat,0.0,0.0016666666666666668,0.12638888888888888,0.0,0.12805555555555556
pdgrapher,0.0,0.001388888888888889,0.3325,0.0,0.3338888888888889
pdgrapher_nognn,0.0,0.0016666666666666668,0.060833333333333336,0.0,0.0625
