method,data_creation,data_processing,training,evaluation,Total
baseline,0.0,0.0,0.0,0.0,0.0
gat,0.0,0.001388888888888889,0.13583333333333333,0.0,0.13722222222222222
pdgrapher,0.0,0.001388888888888889,0.25055555555555553,0.0,0.2519444444444444
pdgrapher_nognn,0.0,0.001388888888888889,0.06194444444444445,0.0,0.06333333333333334
