method,data_creation,data_processing,training,evaluation,Total
baseline,0.0,0.0,0.0,0.0,0.0
gat,0.0,0.013888888888888888,0.12527777777777777,0.0,0.13916666666666666
pdgrapher,0.0,0.01361111111111111,0.29138888888888886,0.0,0.305
pdgrapher_nognn,0.0,0.013333333333333334,0.07138888888888889,0.0,0.08472222222222223
