method,data_creation,data_processing,training,evaluation,Total
baseline,0.0,0.0,0.0,0.0,0.0
gat,0.0,0.0019444444444444444,0.12583333333333332,0.0,0.12777777777777777
pdgrapher,0.0,0.0019444444444444444,0.25833333333333336,0.0,0.26027777777777783
pdgrapher_nognn,0.0,0.0022222222222222222,0.11444444444444445,0.0,0.11666666666666667
