method,data_creation,data_processing,training,evaluation,Total
baseline,0.0,0.0,0.0,0.0,0.0
gat,0.0,0.023333333333333334,0.74,0.0,0.7633333333333333
pdgrapher,0.0,0.026111111111111113,2.987222222222222,0.0,3.013333333333333
pdgrapher_nognn,0.0,0.025,1.176388888888889,0.0,1.2013888888888888
