method,data_creation,data_processing,training,evaluation,Total
baseline,0.0,0.0,0.0,0.0,0.0
gat,0.0,0.002777777777777778,0.050555555555555555,0.0,0.05333333333333333
pdgrapher,0.0,0.0011111111111111111,0.1363888888888889,0.0,0.1375
pdgrapher_nognn,0.0,0.0011111111111111111,0.08277777777777778,0.0,0.08388888888888889
