method,data_creation,data_processing,training,evaluation,Total
baseline,0.0,0.0,0.0,0.0,0.0
gat,0.0,0.001388888888888889,0.10611111111111111,0.0,0.1075
pdgrapher,0.0,0.001388888888888889,0.14527777777777778,0.0,0.14666666666666667
pdgrapher_nognn,0.0,0.001388888888888889,0.0675,0.0,0.06888888888888889
