method,data_creation,data_processing,training,evaluation,Total
baseline,0.0,0.0,0.0,0.0,0.0
gat,0.0,0.02,0.1713888888888889,0.0,0.1913888888888889
pdgrapher,0.0,0.015833333333333335,0.0913888888888889,0.0,0.10722222222222223
pdgrapher_nognn,0.0,0.01611111111111111,0.051111111111111114,0.0,0.06722222222222222
