method,data_creation,data_processing,training,evaluation,Total
baseline,0.0,0.0,0.0,0.0,0.0
gat,0.0,0.0022222222222222222,0.11416666666666667,0.0,0.11638888888888889
pdgrapher,0.0,0.0016666666666666668,0.1325,0.0,0.13416666666666668
pdgrapher_nognn,0.0,0.0016666666666666668,0.10833333333333334,0.0,0.11
