method,data_creation,data_processing,training,evaluation,Total
baseline,0.0,0.0,0.0,0.0,0.0
gat,0.0,0.012777777777777779,1.875,0.0,1.8877777777777778
pdgrapher,0.0,0.004166666666666667,1.7341666666666666,0.0,1.7383333333333333
pdgrapher_nognn,0.0,0.004166666666666667,0.5002777777777778,0.0,0.5044444444444445
