method,data_creation,data_processing,training,evaluation,Total
baseline,0.0,0.0,0.0,0.0,0.0
gat,0.0,0.0022222222222222222,0.8013888888888889,0.0,0.8036111111111112
pdgrapher,0.0,0.0016666666666666668,2.8916666666666666,0.0,2.893333333333333
pdgrapher_nognn,0.0,0.0016666666666666668,0.6438888888888888,0.0,0.6455555555555555
