method,data_creation,data_processing,training,evaluation,Total
baseline,0.0,0.0,0.0,0.0,0.0
gat,0.0,0.012222222222222223,0.0,0.0,0.012222222222222223
pdgrapher,0.0,0.021666666666666667,0.165,0.0,0.18666666666666668
pdgrapher_nognn,0.0,0.01611111111111111,0.105,0.0,0.12111111111111111
