method,data_creation,data_processing,training,evaluation,Total
baseline,0.0,0.0,0.0,0.0,0.0
gat,0.0,0.018055555555555554,0.3680555555555556,0.0,0.3861111111111111
pdgrapher,0.0,0.030833333333333334,0.18083333333333335,0.0,0.21166666666666667
pdgrapher_nognn,0.0,0.030833333333333334,0.10083333333333333,0.0,0.13166666666666665
