method,data_creation,data_processing,training,evaluation,Total
baseline,0.0,0.0,0.0,0.0,0.0
gat,0.0,0.0016666666666666668,0.3883333333333333,0.0,0.38999999999999996
pdgrapher,0.0,0.0016666666666666668,0.18777777777777777,0.0,0.18944444444444444
pdgrapher_nognn,0.0,0.0025,0.15833333333333333,0.0,0.16083333333333333
triple_comparison,0.0,0.0,0.0,0.0,0.0
