method,data_creation,data_processing,training,evaluation,Total
baseline,0.0,0.0,0.0,0.0,0.0
gat,0.0,0.0016666666666666668,0.3458333333333333,0.0,0.3475
pdgrapher,0.0,0.0016666666666666668,0.1825,0.0,0.18416666666666667
pdgrapher_nognn,0.0,0.0025,0.15833333333333333,0.0,0.16083333333333333
