method,data_creation,data_processing,training,evaluation,Total
baseline,0.0,0.0,0.0,0.0,0.0
gat,0.0,0.0030555555555555557,0.37083333333333335,0.0,0.3738888888888889
pdgrapher,0.0,0.001388888888888889,0.19305555555555556,0.0,0.19444444444444445
pdgrapher_nognn,0.0,0.0016666666666666668,0.15194444444444444,0.0,0.15361111111111111
