method,data_creation,data_processing,training,evaluation,Total
gat,0.0,0.015277777777777777,0.7480555555555556,0.0,0.7633333333333333
pdgrapher,0.0,0.024444444444444446,3.620277777777778,0.0,3.644722222222222
pdgrapher_nognn,0.0,0.029166666666666667,1.1305555555555555,0.0,1.159722222222222
