method,data_creation,data_processing,training,evaluation,Total
baseline,0.0,0.0,0.0,0.0,0.0
gat,0.0,0.017222222222222222,0.6388888888888888,0.0,0.6561111111111111
pdgrapher,0.0,0.025277777777777777,0.19,0.0,0.2152777777777778
pdgrapher_nognn,0.0,0.025555555555555557,0.1938888888888889,0.0,0.21944444444444444
triple_comparison,0.0,0.0,0.0,0.0,0.0
