method,data_creation,data_processing,training,evaluation,Total
baseline,0.0,0.0,0.0,0.0,0.0
gat,0.0,0.0019444444444444444,0.3227777777777778,0.0,0.32472222222222225
pdgrapher,0.0,0.0016666666666666668,0.18194444444444444,0.0,0.1836111111111111
pdgrapher_nognn,0.0,0.0016666666666666668,0.12416666666666666,0.0,0.12583333333333332
