method,data_creation,data_processing,training,evaluation,Total
baseline,0.0,0.0,0.0,0.0,0.0
gat,0.0,0.0019444444444444444,0.0025,0.0,0.0044444444444444444
pdgrapher,0.0,0.0019444444444444444,1.708888888888889,0.0,1.7108333333333334
pdgrapher_nognn,0.0,0.0019444444444444444,0.002777777777777778,0.0,0.004722222222222222
