method,data_creation,data_processing,training,evaluation,Total
baseline,0.0,0.0,0.0,0.0,0.0
gat,0.0,0.018055555555555554,0.0,0.0,0.018055555555555554
pdgrapher,0.0,0.021111111111111112,0.0030555555555555557,0.0,0.024166666666666666
pdgrapher_nognn,0.0,0.020277777777777777,0.002777777777777778,0.0,0.023055555555555555
