method,data_creation,data_processing,training,evaluation,Total
baseline,0.0,0.0,0.0,0.0,0.0
gat,0.0,0.0016666666666666668,0.35583333333333333,0.0,0.3575
pdgrapher,0.0,0.001388888888888889,0.31277777777777777,0.0,0.31416666666666665
pdgrapher_nognn,0.0,0.001388888888888889,0.1852777777777778,0.0,0.18666666666666668
