method,data_creation,data_processing,training,evaluation,Total
baseline,0.0,0.0,0.0,0.0,0.0
gat,0.0,0.0022222222222222222,0.22555555555555556,0.0,0.22777777777777777
pdgrapher,0.0,0.0022222222222222222,0.24555555555555555,0.0,0.24777777777777776
pdgrapher_nognn,0.0,0.002777777777777778,0.16972222222222222,0.0,0.1725
