method,data_creation,data_processing,training,evaluation,Total
baseline,0.0,0.0,0.0,0.0,0.0
gat,0.0,0.0022222222222222222,0.36972222222222223,0.0,0.37194444444444447
pdgrapher,0.0,0.0019444444444444444,0.37527777777777777,0.0,0.37722222222222224
pdgrapher_nognn,0.0,0.0019444444444444444,0.19277777777777777,0.0,0.1947222222222222
