method,data_creation,data_processing,training,evaluation,Total
baseline,0.0,0.0,0.0,0.0,0.0
gat,0.0,0.0016666666666666668,0.28944444444444445,0.0,0.2911111111111111
pdgrapher,0.0,0.0016666666666666668,0.2286111111111111,0.0,0.23027777777777778
pdgrapher_nognn,0.0,0.0016666666666666668,0.14666666666666667,0.0,0.14833333333333334
