method,data_creation,data_processing,training,evaluation,Total
baseline,0.0,0.0,0.0,0.0,0.0
gat,0.0,0.0033333333333333335,0.2816666666666667,0.0,0.28500000000000003
pdgrapher,0.0,0.0016666666666666668,0.3244444444444444,0.0,0.3261111111111111
pdgrapher_nognn,0.0,0.0016666666666666668,0.24944444444444444,0.0,0.2511111111111111
