method,data_creation,data_processing,training,evaluation,Total
baseline,0.0,0.0,0.0,0.0,0.0
gat,0.0,0.0016666666666666668,0.3852777777777778,0.0,0.3869444444444444
pdgrapher,0.0,0.001388888888888889,0.26555555555555554,0.0,0.26694444444444443
pdgrapher_nognn,0.0,0.0022222222222222222,0.1325,0.0,0.13472222222222222
