method,data_creation,data_processing,training,evaluation,Total
baseline,0.0,0.0,0.0,0.0,0.0
gat,0.0,0.0016666666666666668,0.0,0.0,0.0016666666666666668
pdgrapher,0.0,0.0016666666666666668,0.14333333333333334,0.0,0.14500000000000002
pdgrapher_nognn,0.0,0.0016666666666666668,0.10694444444444444,0.0,0.1086111111111111
