method,data_creation,data_processing,training,evaluation,Total
baseline,0.0,0.0,0.0,0.0,0.0
gat,0.0,0.0019444444444444444,0.0,0.0,0.0019444444444444444
pdgrapher,0.0,0.0016666666666666668,0.14694444444444443,0.0,0.1486111111111111
pdgrapher_nognn,0.0,0.0016666666666666668,0.11,0.0,0.11166666666666666
