method,data_creation,data_processing,training,evaluation,Total
baseline,0.0,0.0,0.0,0.0,0.0
gat,0.0,0.008888888888888889,0.023333333333333334,0.0,0.03222222222222222
pdgrapher,0.0,0.0033333333333333335,0.04388888888888889,0.0,0.04722222222222222
pdgrapher_nognn,0.0,0.003611111111111111,0.011666666666666667,0.0,0.015277777777777779
