method,data_creation,data_processing,training,evaluation,Total
baseline,0.0,0.0,0.0,0.0,0.0
gat,0.0,0.0019444444444444444,0.4636111111111111,0.0,0.46555555555555556
pdgrapher,0.0,0.005277777777777778,0.1827777777777778,0.0,0.18805555555555556
pdgrapher_nognn,0.0,0.0016666666666666668,0.1388888888888889,0.0,0.14055555555555557
