method,data_creation,data_processing,training,evaluation,Total
baseline,0.0,0.0,0.0,0.0,0.0
gat,0.0,0.021944444444444444,0.6011111111111112,0.0,0.6230555555555556
pdgrapher,0.0,0.035833333333333335,0.18305555555555555,0.0,0.21888888888888888
pdgrapher_nognn,0.0,0.035,0.10666666666666667,0.0,0.14166666666666666
triple_comparison,0.0,0.0,0.0,0.0,0.0
