method,data_creation,data_processing,training,evaluation,Total
baseline,0.0,0.0,0.0,0.0,0.0
gat,0.0,0.021944444444444444,0.46166666666666667,0.0,0.4836111111111111
pdgrapher,0.0,0.035833333333333335,0.18305555555555555,0.0,0.21888888888888888
pdgrapher_nognn,0.0,0.035,0.10666666666666667,0.0,0.14166666666666666
