method,data_creation,data_processing,training,evaluation,Total
baseline,0.0,0.0,0.0,0.0,0.0
gat,0.0,0.010277777777777778,0.04694444444444444,0.0,0.057222222222222216
pdgrapher,0.0,0.005833333333333334,0.03166666666666667,0.0,0.037500000000000006
pdgrapher_nognn,0.0,0.005833333333333334,0.021944444444444444,0.0,0.027777777777777776
