method,data_creation,data_processing,training,evaluation,Total
baseline,0.0,0.0,0.0,0.0,0.0
gat,0.0,0.0019444444444444444,0.050833333333333335,0.0,0.05277777777777778
pdgrapher,0.0,0.0019444444444444444,0.03388888888888889,0.0,0.035833333333333335
pdgrapher_nognn,0.0,0.0022222222222222222,0.0325,0.0,0.034722222222222224
