method,data_creation,data_processing,training,evaluation,Total
baseline,0.0,0.0,0.0,0.0,0.0
gat,0.0,0.0030555555555555557,0.04972222222222222,0.0,0.05277777777777778
pdgrapher,0.0,0.0030555555555555557,0.03277777777777778,0.0,0.035833333333333335
pdgrapher_nognn,0.0,0.0030555555555555557,0.015833333333333335,0.0,0.01888888888888889
