method,data_creation,data_processing,training,evaluation,Total
baseline,0.0,0.0,0.0,0.0,0.0
gat,0.0,0.001388888888888889,0.04833333333333333,0.0,0.04972222222222222
pdgrapher,0.0,0.001388888888888889,0.03138888888888889,0.0,0.03277777777777778
pdgrapher_nognn,0.0,0.0016666666666666668,0.015555555555555555,0.0,0.017222222222222222
