method,data_creation,data_processing,training,evaluation,Total
baseline,0.0,0.0,0.0,0.0,0.0
gat,0.0,0.0016666666666666668,0.03194444444444444,0.0,0.033611111111111105
pdgrapher,0.0,0.0016666666666666668,0.04055555555555555,0.0,0.04222222222222222
pdgrapher_nognn,0.0,0.0016666666666666668,0.015833333333333335,0.0,0.0175
