method,data_creation,data_processing,training,evaluation,Total
baseline,0.0,0.0,0.0,0.0,0.0
gat,0.0,0.018333333333333333,0.3175,0.0,0.3358333333333333
pdgrapher,0.0,0.03666666666666667,0.17277777777777778,0.0,0.20944444444444443
pdgrapher_nognn,0.0,0.03666666666666667,0.12027777777777778,0.0,0.15694444444444444
triple_comparison,0.0,0.0,0.0,0.0,0.0
