method,data_creation,data_processing,training,evaluation,Total
baseline,0.0,0.0,0.0,0.0,0.0
gat,0.0,0.013055555555555556,0.0,0.0,0.013055555555555556
pdgrapher,0.0,0.01138888888888889,0.10611111111111111,0.0,0.11750000000000001
pdgrapher_nognn,0.0,0.014166666666666666,0.02722222222222222,0.0,0.041388888888888885
