method,data_creation,data_processing,training,evaluation,Total
baseline,0.0,0.0,0.0,0.0,0.0
gat,0.0,0.022222222222222223,0.07388888888888889,0.0,0.09611111111111112
pdgrapher,0.0,0.0016666666666666668,0.03,0.0,0.03166666666666666
pdgrapher_nognn,0.0,0.0016666666666666668,0.01861111111111111,0.0,0.020277777777777777
