method,data_creation,data_processing,training,evaluation,Total
baseline,0.0,0.0,0.0,0.0,0.0
gat,0.0,0.0016666666666666668,3.3177777777777777,0.0,3.319444444444444
pdgrapher,0.0,0.0025,0.03111111111111111,0.0,0.03361111111111111
pdgrapher_nognn,0.0,0.0022222222222222222,0.01861111111111111,0.0,0.020833333333333332
