method,data_creation,data_processing,training,evaluation,Total
baseline,0.0,0.0,0.0,0.0,0.0
gat,0.0,0.0016666666666666668,0.6386111111111111,0.0,0.6402777777777778
pdgrapher,0.0,0.0044444444444444444,0.6469444444444444,0.0,0.6513888888888889
pdgrapher_nognn,0.0,0.005,0.16944444444444445,0.0,0.17444444444444446
