method,data_creation,data_processing,training,evaluation,Total
gat,0.0,0.006666666666666667,1.023611111111111,0.0,1.0302777777777776
pdgrapher,0.0,0.0019444444444444444,2.553611111111111,0.0,2.5555555555555554
pdgrapher_nognn,0.0,0.0019444444444444444,0.7769444444444444,0.0,0.7788888888888889
