method,data_creation,data_processing,training,evaluation,Total
baseline,0.0,0.0,0.0,0.0,0.0
gat,0.0,0.01,0.9844444444444445,0.0,0.9944444444444445
pdgrapher,0.0,0.002777777777777778,1.8794444444444445,0.0,1.8822222222222222
pdgrapher_nognn,0.0,0.002777777777777778,0.5572222222222222,0.0,0.5599999999999999
