method,data_creation,data_processing,training,evaluation,Total
baseline,0.0,0.0,0.0,0.0,0.0
gat,0.0,0.008611111111111111,0.8336111111111111,0.0,0.8422222222222222
pdgrapher,0.0,0.0019444444444444444,2.2169444444444446,0.0,2.218888888888889
pdgrapher_nognn,0.0,0.0019444444444444444,0.7586111111111111,0.0,0.7605555555555555
