method,data_creation,data_processing,training,evaluation,Total
baseline,0.0,0.0,0.0,0.0,0.0
gat,0.0,0.014722222222222222,1.451111111111111,0.0,1.4658333333333333
pdgrapher,0.0,0.005833333333333334,2.220833333333333,0.0,2.2266666666666666
pdgrapher_nognn,0.0,0.005833333333333334,0.7461111111111111,0.0,0.7519444444444444
