method,data_creation,data_processing,training,evaluation,Total
baseline,0.0,0.0,0.0,0.0,0.0
gat,0.0,0.06888888888888889,0.9288888888888889,0.0,0.9977777777777778
pdgrapher,0.0,0.14305555555555555,1.7775,0.0,1.9205555555555556
pdgrapher_nognn,0.0,0.14305555555555555,0.7280555555555556,0.0,0.8711111111111112
