method,data_creation,data_processing,training,evaluation,Total
baseline,0.0,0.0,0.0,0.0,0.0
gat,0.0,0.017777777777777778,0.255,0.0,0.2727777777777778
pdgrapher,0.0,0.035277777777777776,0.1913888888888889,0.0,0.22666666666666666
pdgrapher_nognn,0.0,0.034166666666666665,0.1125,0.0,0.14666666666666667
