method,data_creation,data_processing,training,evaluation,Total
baseline,0.0,0.0,0.0,0.0,0.0
gat,0.0,0.0019444444444444444,0.2722222222222222,0.0,0.27416666666666667
pdgrapher,0.0,0.0016666666666666668,0.19361111111111112,0.0,0.1952777777777778
pdgrapher_nognn,0.0,0.0016666666666666668,0.12638888888888888,0.0,0.12805555555555556
