method,data_creation,data_processing,training,evaluation,Total
baseline,0.0,0.0,0.0,0.0,0.0
gat,0.0,0.017777777777777778,0.3844444444444444,0.0,0.4022222222222222
pdgrapher,0.0,0.035277777777777776,0.1913888888888889,0.0,0.22666666666666666
pdgrapher_nognn,0.0,0.034166666666666665,0.13805555555555554,0.0,0.17222222222222222
triple_comparison,0.0,0.0,0.0,0.0,0.0
