method,data_creation,data_processing,training,evaluation,Total
baseline,0.0,0.0,0.0,0.0,0.0
gat,0.0,0.020277777777777777,0.8061111111111111,0.0,0.8263888888888888
pdgrapher,0.0,0.02638888888888889,2.6491666666666664,0.0,2.6755555555555555
pdgrapher_nognn,0.0,0.025555555555555557,0.9741666666666666,0.0,0.9997222222222222
