method,data_creation,data_processing,training,evaluation,Total
baseline,0.0,0.0,0.0,0.0,0.0
gat,0.0,0.008055555555555555,0.023333333333333334,0.0,0.03138888888888889
pdgrapher,0.0,0.003611111111111111,0.011666666666666667,0.0,0.015277777777777779
pdgrapher_nognn,0.0,0.003611111111111111,0.010277777777777778,0.0,0.013888888888888888
