method,data_creation,data_processing,training,evaluation,Total
baseline,0.0,0.0,0.0,0.0,0.0
gat,0.0,0.014722222222222222,0.0,0.0,0.014722222222222222
pdgrapher,0.0,0.02361111111111111,0.2663888888888889,0.0,0.29000000000000004
pdgrapher_nognn,0.0,0.02361111111111111,0.0775,0.0,0.10111111111111111
