method,data_creation,data_processing,training,evaluation,Total
baseline,0.0,0.0,0.0,0.0,0.0
gat,0.0,0.001388888888888889,0.0,0.0,0.001388888888888889
pdgrapher,0.0,0.0011111111111111111,0.3525,0.0,0.3536111111111111
pdgrapher_nognn,0.0,0.0011111111111111111,0.10111111111111111,0.0,0.10222222222222221
