method,data_creation,data_processing,training,evaluation,Total
baseline,0.0,0.0,0.0,0.0,0.0
dual_comparison,0.0,0.0,0.0,0.0,0.0
gat,0.0,0.001388888888888889,0.0,0.0,0.001388888888888889
pdgrapher,0.0,0.001388888888888889,0.22833333333333333,0.0,0.22972222222222222
pdgrapher_nognn,0.0,0.001388888888888889,0.08833333333333333,0.0,0.08972222222222222
