method,data_creation,data_processing,training,evaluation,Total
baseline,0.0,0.0,0.0,0.0,0.0
gat,0.0,0.006666666666666667,0.5083333333333333,0.0,0.515
pdgrapher,0.0,0.007222222222222222,0.29583333333333334,0.0,0.3030555555555556
pdgrapher_nognn,0.0,0.006111111111111111,0.145,0.0,0.1511111111111111
