method,data_creation,data_processing,training,evaluation,Total
baseline,0.0,0.0,0.0,0.0,0.0
gat,0.0,0.001388888888888889,0.0,0.0,0.001388888888888889
pdgrapher,0.0,0.001388888888888889,0.07222222222222222,0.0,0.0736111111111111
pdgrapher_nognn,0.0,0.0019444444444444444,0.035,0.0,0.036944444444444446
