method,data_creation,data_processing,training,evaluation,Total
baseline,0.0,0.0,0.0,0.0,0.0
gat,0.0,0.014444444444444444,0.11388888888888889,0.0,0.12833333333333333
pdgrapher,0.0,0.012222222222222223,0.07694444444444444,0.0,0.08916666666666666
pdgrapher_nognn,0.0,0.013888888888888888,0.034444444444444444,0.0,0.04833333333333333
