method,data_creation,data_processing,training,evaluation,Total
baseline,0.0,0.0,0.0,0.0,0.0
gat,0.0,0.0019444444444444444,0.0,0.0,0.0019444444444444444
pdgrapher,0.0,0.0019444444444444444,0.06555555555555556,0.0,0.0675
pdgrapher_nognn,0.0,0.0019444444444444444,0.03166666666666667,0.0,0.03361111111111111
