method,data_creation,data_processing,training,evaluation,Total
baseline,0.0,0.0,0.0,0.0,0.0
gat,0.0,0.0019444444444444444,0.2544444444444444,0.0,0.2563888888888889
pdgrapher,0.0,0.001388888888888889,0.24333333333333335,0.0,0.24472222222222223
pdgrapher_nognn,0.0,0.0011111111111111111,0.13805555555555554,0.0,0.13916666666666666
