method,data_creation,data_processing,training,evaluation,Total
baseline,0.0,0.0,0.0,0.0,0.0
gat,0.0,0.0019444444444444444,0.1386111111111111,0.0,0.14055555555555554
pdgrapher,0.0,0.0019444444444444444,0.2827777777777778,0.0,0.28472222222222227
pdgrapher_nognn,0.0,0.0019444444444444444,0.06472222222222222,0.0,0.06666666666666667
