method,data_creation,data_processing,training,evaluation,Total
baseline,0.0,0.0,0.0,0.0,0.0
gat,0.0,0.0033333333333333335,0.13416666666666666,0.0,0.13749999999999998
pdgrapher,0.0,0.0033333333333333335,0.2941666666666667,0.0,0.29750000000000004
pdgrapher_nognn,0.0,0.0016666666666666668,0.09527777777777778,0.0,0.09694444444444444
