method,data_creation,data_processing,training,evaluation,Total
baseline,0.0,0.0,0.0,0.0,0.0
gat,0.0,0.0016666666666666668,0.13111111111111112,0.0,0.1327777777777778
pdgrapher,0.0,0.001388888888888889,0.2152777777777778,0.0,0.21666666666666667
pdgrapher_nognn,0.0,0.001388888888888889,0.10833333333333334,0.0,0.10972222222222222
