method,data_creation,data_processing,training,evaluation,Total
baseline,0.0,0.0,0.0,0.0,0.0
gat,0.0,0.015,0.1386111111111111,0.0,0.1536111111111111
pdgrapher,0.0,0.012777777777777779,0.2863888888888889,0.0,0.2991666666666667
pdgrapher_nognn,0.0,0.012777777777777779,0.09333333333333334,0.0,0.10611111111111111
