method,data_creation,data_processing,training,evaluation,Total
baseline,0.0,0.0,0.0,0.0,0.0
gat,0.0,0.001388888888888889,0.1425,0.0,0.14388888888888887
pdgrapher,0.0,0.001388888888888889,0.2388888888888889,0.0,0.24027777777777778
pdgrapher_nognn,0.0,0.0016666666666666668,0.06,0.0,0.06166666666666666
