method,data_creation,data_processing,training,evaluation,Total
baseline,0.0,0.0,0.0,0.0,0.0
gat,0.0,0.017777777777777778,0.0,0.0,0.017777777777777778
pdgrapher,0.0,0.029444444444444443,1.2222222222222223,0.0,1.2516666666666667
pdgrapher_nognn,0.0,0.029166666666666667,0.1438888888888889,0.0,0.17305555555555557
