method,data_creation,data_processing,training,evaluation,Total
baseline,0.0,0.0,0.0,0.0,0.0
gat,0.0,0.008611111111111111,0.0,0.0,0.008611111111111111
pdgrapher,0.0,0.001388888888888889,2.38,0.0,2.381388888888889
pdgrapher_nognn,0.0,0.0025,0.7525,0.0,0.7549999999999999
