method,data_creation,data_processing,training,evaluation,Total
baseline,0.0,0.0,0.0,0.0,0.0
gat,0.0,0.008611111111111111,0.8325,0.0,0.8411111111111111
pdgrapher,0.0,0.0019444444444444444,2.9130555555555557,0.0,2.915
pdgrapher_nognn,0.0,0.0019444444444444444,0.445,0.0,0.4469444444444445
