method,data_creation,data_processing,training,evaluation,Total
baseline,0.0,0.0,0.0,0.0,0.0
gat,0.0,0.001388888888888889,0.0,0.0,0.001388888888888889
pdgrapher,0.0,0.0019444444444444444,0.2922222222222222,0.0,0.2941666666666667
pdgrapher_nognn,0.0,0.0019444444444444444,0.13972222222222222,0.0,0.14166666666666666
