method,data_creation,data_processing,training,evaluation,Total
baseline,0.0,0.0,0.0,0.0,0.0
gat,0.0,0.001388888888888889,0.3591666666666667,0.0,0.3605555555555556
pdgrapher,0.0,0.0016666666666666668,0.2225,0.0,0.22416666666666668
pdgrapher_nognn,0.0,0.0016666666666666668,0.06777777777777778,0.0,0.06944444444444445
