method,data_creation,data_processing,training,evaluation,Total
baseline,0.0,0.0,0.0,0.0,0.0
gat,0.0,0.016666666666666666,0.26472222222222225,0.0,0.2813888888888889
pdgrapher,0.0,0.0175,0.5355555555555556,0.0,0.5530555555555555
pdgrapher_nognn,0.0,0.015277777777777777,0.09888888888888889,0.0,0.11416666666666667
