method,data_creation,data_processing,training,evaluation,Total
baseline,0.0,0.0,0.0,0.0,0.0
gat,0.0,0.001388888888888889,0.2733333333333333,0.0,0.2747222222222222
pdgrapher,0.0,0.0016666666666666668,0.285,0.0,0.2866666666666666
pdgrapher_nognn,0.0,0.001388888888888889,0.0775,0.0,0.07888888888888888
