method,data_creation,data_processing,training,evaluation,Total
baseline,0.0,0.0,0.0,0.0,0.0
gat,0.0,0.0016666666666666668,0.17527777777777778,0.0,0.17694444444444446
pdgrapher,0.0,0.0016666666666666668,0.10111111111111111,0.0,0.10277777777777777
pdgrapher_nognn,0.0,0.0016666666666666668,0.05,0.0,0.051666666666666666
