method,data_creation,data_processing,training,evaluation,Total
baseline,0.0,0.0,0.0,0.0,0.0
gat,0.0,0.0025,0.16777777777777778,0.0,0.17027777777777778
pdgrapher,0.0,0.001388888888888889,0.09916666666666667,0.0,0.10055555555555555
pdgrapher_nognn,0.0,0.001388888888888889,0.0525,0.0,0.05388888888888889
