method,data_creation,data_processing,training,evaluation,Total
baseline,0.0,0.0,0.0,0.0,0.0
gat,0.0,0.017222222222222222,0.1511111111111111,0.0,0.16833333333333333
pdgrapher,0.0,0.016666666666666666,0.14722222222222223,0.0,0.1638888888888889
pdgrapher_nognn,0.0,0.016666666666666666,0.041944444444444444,0.0,0.058611111111111114
