method,data_creation,data_processing,training,evaluation,Total
baseline,0.0,0.0,0.0,0.0,0.0
gat,0.0,0.001388888888888889,0.24027777777777778,0.0,0.24166666666666667
pdgrapher,0.0,0.001388888888888889,0.13666666666666666,0.0,0.13805555555555554
pdgrapher_nognn,0.0,0.0016666666666666668,0.056666666666666664,0.0,0.05833333333333333
