method,data_creation,data_processing,training,evaluation,Total
baseline,0.0,0.0,0.0,0.0,0.0
gat,0.0,0.020833333333333332,0.2225,0.0,0.24333333333333335
pdgrapher,0.0,0.02638888888888889,0.19305555555555556,0.0,0.21944444444444444
pdgrapher_nognn,0.0,0.02638888888888889,0.11833333333333333,0.0,0.14472222222222222
