method,data_creation,data_processing,training,evaluation,Total
baseline,0.0,0.0,0.0,0.0,0.0
gat,0.0,0.0016666666666666668,1.775,0.0,1.7766666666666666
pdgrapher,0.0,0.005,0.8377777777777777,0.0,0.8427777777777777
pdgrapher_nognn,0.0,0.005,0.14166666666666666,0.0,0.14666666666666667
