method,data_creation,data_processing,training,evaluation,Total
baseline,0.0,0.0,0.0,0.0,0.0
gat,0.0,0.0016666666666666668,0.0,0.0,0.0016666666666666668
pdgrapher,0.0,0.0016666666666666668,0.39944444444444444,0.0,0.4011111111111111
pdgrapher_nognn,0.0,0.0016666666666666668,0.09666666666666666,0.0,0.09833333333333333
