method,data_creation,data_processing,training,evaluation,Total
baseline,0.0,0.0,0.0,0.0,0.0
gat,0.0,0.018055555555555554,0.0,0.0,0.018055555555555554
pdgrapher,0.0,0.025833333333333333,0.43416666666666665,0.0,0.45999999999999996
pdgrapher_nognn,0.0,0.025833333333333333,0.08027777777777778,0.0,0.10611111111111111
