method,data_creation,data_processing,training,evaluation,Total
baseline,0.0,0.0,0.0,0.0,0.0
gat,0.0,0.0016666666666666668,0.0,0.0,0.0016666666666666668
pdgrapher,0.0,0.0016666666666666668,0.41444444444444445,0.0,0.4161111111111111
pdgrapher_nognn,0.0,0.0016666666666666668,0.09527777777777778,0.0,0.09694444444444444
