method,data_creation,data_processing,training,evaluation,Total
baseline,0.0,0.0,0.0,0.0,0.0
gat,0.0,0.0025,0.0,0.0,0.0025
pdgrapher,0.0,0.001388888888888889,0.5147222222222222,0.0,0.5161111111111111
pdgrapher_nognn,0.0,0.001388888888888889,0.12,0.0,0.12138888888888888
