method,data_creation,data_processing,training,evaluation,Total
baseline,0.0,0.0,0.0,0.0,0.0
gat,0.0,0.06416666666666666,1.1119444444444444,0.0,1.176111111111111
pdgrapher,0.0,0.1,2.226111111111111,0.0,2.326111111111111
pdgrapher_nognn,0.0,0.09388888888888888,0.49666666666666665,0.0,0.5905555555555555
