method,data_creation,data_processing,training,evaluation,Total
baseline,0.0,0.0,0.0,0.0,0.0
gat,0.0,0.013055555555555556,0.8275,0.0,0.8405555555555556
pdgrapher,0.0,0.0025,2.6277777777777778,0.0,2.6302777777777777
pdgrapher_nognn,0.0,0.0025,0.6061111111111112,0.0,0.6086111111111111
