method,data_creation,data_processing,training,evaluation,Total
baseline,0.0,0.0,0.0,0.0,0.0
gat,0.0,0.001388888888888889,0.0,0.0,0.001388888888888889
pdgrapher,0.0,0.0011111111111111111,0.13666666666666666,0.0,0.13777777777777778
pdgrapher_nognn,0.0,0.0019444444444444444,0.09388888888888888,0.0,0.09583333333333333
