method,data_creation,data_processing,training,evaluation,Total
baseline,0.0,0.0,0.0,0.0,0.0
gat,0.0,0.003611111111111111,0.0,0.0,0.003611111111111111
pdgrapher,0.0,0.005555555555555556,0.1363888888888889,0.0,0.14194444444444446
pdgrapher_nognn,0.0,0.004722222222222222,0.10333333333333333,0.0,0.10805555555555556
