method,data_creation,data_processing,training,evaluation,Total
baseline,0.0,0.0,0.0,0.0,0.0
gat,0.0,0.017222222222222222,0.0,0.0,0.017222222222222222
pdgrapher,0.0,0.030555555555555555,0.15361111111111111,0.0,0.18416666666666667
pdgrapher_nognn,0.0,0.023333333333333334,0.10555555555555556,0.0,0.1288888888888889
