method,data_creation,data_processing,training,evaluation,Total
baseline,0.0,0.0,0.0,0.0,0.0
gat,0.0,0.002777777777777778,0.0,0.0,0.002777777777777778
pdgrapher,0.0,0.0016666666666666668,0.15527777777777776,0.0,0.15694444444444444
pdgrapher_nognn,0.0,0.0038888888888888888,0.08777777777777777,0.0,0.09166666666666666
