method,data_creation,data_processing,training,evaluation,Total
baseline,0.0,0.0,0.0,0.0,0.0
gat,0.0,0.004722222222222222,0.0,0.0,0.004722222222222222
pdgrapher,0.0,0.004722222222222222,0.14472222222222222,0.0,0.14944444444444444
pdgrapher_nognn,0.0,0.001388888888888889,0.09694444444444444,0.0,0.09833333333333333
