method,data_creation,data_processing,training,evaluation,Total
baseline,0.0,0.0,0.0,0.0,0.0
gat,0.0,0.0022222222222222222,0.0,0.0,0.0022222222222222222
pdgrapher,0.0,0.0016666666666666668,0.06527777777777778,0.0,0.06694444444444445
pdgrapher_nognn,0.0,0.0016666666666666668,0.03166666666666667,0.0,0.03333333333333333
