method,data_creation,data_processing,training,evaluation,Total
baseline,0.0,0.0,0.0,0.0,0.0
gat,0.0,0.0011111111111111111,0.09527777777777778,0.0,0.09638888888888889
pdgrapher,0.0,0.001388888888888889,0.051944444444444446,0.0,0.05333333333333334
pdgrapher_nognn,0.0,0.0022222222222222222,0.018055555555555554,0.0,0.020277777777777777
