method,data_creation,data_processing,training,evaluation,Total
baseline,0.0,0.0,0.0,0.0,0.0
gat,0.0,0.008333333333333333,0.09055555555555556,0.0,0.09888888888888889
pdgrapher,0.0,0.0030555555555555557,0.051944444444444446,0.0,0.055
pdgrapher_nognn,0.0,0.004722222222222222,0.016944444444444446,0.0,0.021666666666666667
