method,data_creation,data_processing,training,evaluation,Total
baseline,0.0,0.0,0.0,0.0,0.0
gat,0.0,0.001388888888888889,0.06555555555555556,0.0,0.06694444444444445
pdgrapher,0.0,0.001388888888888889,0.027777777777777776,0.0,0.029166666666666664
pdgrapher_nognn,0.0,0.0019444444444444444,0.014166666666666666,0.0,0.01611111111111111
