method,data_creation,data_processing,training,evaluation,Total
baseline,0.0,0.0,0.0,0.0,0.0
gat,0.0,0.0016666666666666668,0.0913888888888889,0.0,0.09305555555555556
pdgrapher,0.0,0.0016666666666666668,0.03194444444444444,0.0,0.033611111111111105
pdgrapher_nognn,0.0,0.0016666666666666668,0.010555555555555556,0.0,0.012222222222222223
