method,data_creation,data_processing,training,evaluation,Total
baseline,0.0,0.0,0.0,0.0,0.0
gat,0.0,0.001388888888888889,0.0022222222222222222,0.0,0.003611111111111111
pdgrapher,0.0,0.001388888888888889,2.546388888888889,0.0,2.547777777777778
pdgrapher_nognn,0.0,0.001388888888888889,0.0030555555555555557,0.0,0.0044444444444444444
