method,data_creation,data_processing,training,evaluation,Total
baseline,0.0,0.0,0.0,0.0,0.0
gat,0.0,0.014722222222222222,0.3447222222222222,0.0,0.35944444444444446
pdgrapher,0.0,0.021111111111111112,0.22111111111111112,0.0,0.24222222222222223
pdgrapher_nognn,0.0,0.020555555555555556,0.095,0.0,0.11555555555555555
