method,data_creation,data_processing,training,evaluation,Total
baseline,0.0,0.0,0.0,0.0,0.0
gat,0.0,0.0019444444444444444,0.28805555555555556,0.0,0.29000000000000004
pdgrapher,0.0,0.0011111111111111111,0.3497222222222222,0.0,0.35083333333333333
pdgrapher_nognn,0.0,0.0016666666666666668,0.12333333333333334,0.0,0.125
