method,data_creation,data_processing,training,evaluation,Total
baseline,0.0,0.0,0.0,0.0,0.0
gat,0.0,0.0016666666666666668,0.28805555555555556,0.0,0.2897222222222222
pdgrapher,0.0,0.001388888888888889,0.20555555555555555,0.0,0.20694444444444443
pdgrapher_nognn,0.0,0.001388888888888889,0.11166666666666666,0.0,0.11305555555555555
