method,data_creation,data_processing,training,evaluation,Total
baseline,0.0,0.0,0.0,0.0,0.0
gat,0.0,0.001388888888888889,0.24472222222222223,0.0,0.2461111111111111
pdgrapher,0.0,0.001388888888888889,0.24416666666666667,0.0,0.24555555555555555
pdgrapher_nognn,0.0,0.001388888888888889,0.10583333333333333,0.0,0.10722222222222222
