method,data_creation,data_processing,training,evaluation,Total
baseline,0.0,0.0,0.0,0.0,0.0
gat,0.0,0.0016666666666666668,0.24222222222222223,0.0,0.2438888888888889
pdgrapher,0.0,0.0016666666666666668,0.29,0.0,0.29166666666666663
pdgrapher_nognn,0.0,0.0016666666666666668,0.09805555555555556,0.0,0.09972222222222223
