method,data_creation,data_processing,training,evaluation,Total
baseline,0.0,0.0,0.0,0.0,0.0
gat,0.0,0.001388888888888889,0.41083333333333333,0.0,0.4122222222222222
pdgrapher,0.0,0.0075,0.2677777777777778,0.0,0.2752777777777778
pdgrapher_nognn,0.0,0.006111111111111111,0.17972222222222223,0.0,0.18583333333333335
