method,data_creation,data_processing,training,evaluation,Total
baseline,0.0,0.0,0.0,0.0,0.0
gat,0.0,0.014444444444444444,0.3477777777777778,0.0,0.3622222222222222
pdgrapher,0.0,0.022222222222222223,0.21472222222222223,0.0,0.23694444444444446
pdgrapher_nognn,0.0,0.022222222222222223,0.10861111111111112,0.0,0.13083333333333333
