method,data_creation,data_processing,training,evaluation,Total
baseline,0.0,0.0,0.0,0.0,0.0
gat,0.0,0.0019444444444444444,0.31916666666666665,0.0,0.3211111111111111
pdgrapher,0.0,0.0016666666666666668,0.16,0.0,0.16166666666666668
pdgrapher_nognn,0.0,0.0016666666666666668,0.10694444444444444,0.0,0.1086111111111111
