method,data_creation,data_processing,training,evaluation,Total
baseline,0.0,0.0,0.0,0.0,0.0
gat,0.0,0.001388888888888889,0.3561111111111111,0.0,0.3575
pdgrapher,0.0,0.001388888888888889,0.15638888888888888,0.0,0.15777777777777777
pdgrapher_nognn,0.0,0.001388888888888889,0.1075,0.0,0.10888888888888888
