method,data_creation,data_processing,training,evaluation,Total
baseline,0.0,0.0,0.0,0.0,0.0
gat,0.0,0.0019444444444444444,0.29944444444444446,0.0,0.30138888888888893
pdgrapher,0.0,0.004722222222222222,0.32222222222222224,0.0,0.3269444444444445
pdgrapher_nognn,0.0,0.004722222222222222,0.08638888888888889,0.0,0.09111111111111111
