method,data_creation,data_processing,training,evaluation,Total
baseline,0.0,0.0,0.0,0.0,0.0
gat,0.0,0.0016666666666666668,0.31194444444444447,0.0,0.3136111111111111
pdgrapher,0.0,0.0016666666666666668,0.1613888888888889,0.0,0.16305555555555556
pdgrapher_nognn,0.0,0.0016666666666666668,0.07111111111111111,0.0,0.07277777777777777
