method,data_creation,data_processing,training,evaluation,Total
baseline,0.0,0.0,0.0,0.0,0.0
gat,0.0,0.001388888888888889,0.0,0.0,0.001388888888888889
pdgrapher,0.0,0.001388888888888889,0.1511111111111111,0.0,0.1525
pdgrapher_nognn,0.0,0.0019444444444444444,0.11166666666666666,0.0,0.11361111111111111
