method,data_creation,data_processing,training,evaluation,Total
baseline,0.0,0.0,0.0,0.0,0.0
gat,0.0,0.0016666666666666668,0.0,0.0,0.0016666666666666668
pdgrapher,0.0,0.0019444444444444444,0.15305555555555556,0.0,0.155
pdgrapher_nognn,0.0,0.0011111111111111111,0.12361111111111112,0.0,0.12472222222222222
