method,data_creation,data_processing,training,evaluation,Total
baseline,0.0,0.0,0.0,0.0,0.0
gat,0.0,0.019444444444444445,0.0,0.0,0.019444444444444445
pdgrapher,0.0,0.07083333333333333,0.2475,0.0,0.31833333333333336
pdgrapher_nognn,0.0,0.07083333333333333,0.15555555555555556,0.0,0.2263888888888889
