method,data_creation,data_processing,training,evaluation,Total
baseline,0.0,0.0,0.0,0.0,0.0
gat,0.0,0.0016666666666666668,0.0,0.0,0.0016666666666666668
pdgrapher,0.0,0.001388888888888889,0.1413888888888889,0.0,0.14277777777777778
pdgrapher_nognn,0.0,0.001388888888888889,0.09388888888888888,0.0,0.09527777777777777
