method,data_creation,data_processing,training,evaluation,Total
baseline,0.0,0.0,0.0,0.0,0.0
gat,0.0,0.005833333333333334,0.4072222222222222,0.0,0.41305555555555556
pdgrapher,0.0,0.006666666666666667,0.23583333333333334,0.0,0.2425
pdgrapher_nognn,0.0,0.007222222222222222,0.1622222222222222,0.0,0.16944444444444443
