method,data_creation,data_processing,training,evaluation,Total
baseline,0.0,0.0,0.0,0.0,0.0
gat,0.0,0.0025,0.09861111111111111,0.0,0.10111111111111111
pdgrapher,0.0,0.0016666666666666668,0.1761111111111111,0.0,0.17777777777777778
pdgrapher_nognn,0.0,0.0016666666666666668,0.0661111111111111,0.0,0.06777777777777777
