method,data_creation,data_processing,training,evaluation,Total
baseline,0.0,0.0,0.0,0.0,0.0
gat,0.0,0.0019444444444444444,0.03972222222222222,0.0,0.041666666666666664
pdgrapher,0.0,0.0016666666666666668,0.16083333333333333,0.0,0.1625
pdgrapher_nognn,0.0,0.0016666666666666668,0.06416666666666666,0.0,0.06583333333333333
