method,data_creation,data_processing,training,evaluation,Total
baseline,0.0,0.0,0.0,0.0,0.0
gat,0.0,0.014444444444444444,0.06805555555555555,0.0,0.08249999999999999
pdgrapher,0.0,0.013055555555555556,0.18694444444444444,0.0,0.2
pdgrapher_nognn,0.0,0.015,0.052222222222222225,0.0,0.06722222222222222
