method,data_creation,data_processing,training,evaluation,Total
baseline,0.0,0.0,0.0,0.0,0.0
gat,0.0,0.001388888888888889,0.10444444444444445,0.0,0.10583333333333333
pdgrapher,0.0,0.0019444444444444444,0.14444444444444443,0.0,0.14638888888888887
pdgrapher_nognn,0.0,0.0019444444444444444,0.06472222222222222,0.0,0.06666666666666667
