method,data_creation,data_processing,training,evaluation,Total
baseline,0.0,0.0,0.0,0.0,0.0
gat,0.0,0.0016666666666666668,0.11916666666666667,0.0,0.12083333333333333
pdgrapher,0.0,0.0016666666666666668,0.43333333333333335,0.0,0.435
pdgrapher_nognn,0.0,0.0025,0.07388888888888889,0.0,0.0763888888888889
triple_comparison,0.0,0.0,0.0,0.0,0.0
