method,data_creation,data_processing,training,evaluation,Total
baseline,0.0,0.0,0.0,0.0,0.0
gat,0.0,0.0022222222222222222,0.2788888888888889,0.0,0.28111111111111114
pdgrapher,0.0,0.0022222222222222222,0.26055555555555554,0.0,0.2627777777777778
pdgrapher_nognn,0.0,0.0022222222222222222,0.12527777777777777,0.0,0.12749999999999997
