method,data_creation,data_processing,training,evaluation,Total
baseline,0.0,0.0,0.0,0.0,0.0
gat,0.0,0.0016666666666666668,0.27166666666666667,0.0,0.2733333333333333
pdgrapher,0.0,0.001388888888888889,0.42138888888888887,0.0,0.42277777777777775
pdgrapher_nognn,0.0,0.0016666666666666668,0.11861111111111111,0.0,0.12027777777777778
