method,data_creation,data_processing,training,evaluation,Total
baseline,0.0,0.0,0.0,0.0,0.0
gat,0.0,0.001388888888888889,0.27111111111111114,0.0,0.2725
pdgrapher,0.0,0.0025,0.3402777777777778,0.0,0.3427777777777778
pdgrapher_nognn,0.0,0.0025,0.1275,0.0,0.13
