method,data_creation,data_processing,training,evaluation,Total
baseline,0.0,0.0,0.0,0.0,0.0
gat,0.0,0.0016666666666666668,0.29,0.0,0.29166666666666663
pdgrapher,0.0,0.001388888888888889,0.48638888888888887,0.0,0.48777777777777775
pdgrapher_nognn,0.0,0.001388888888888889,0.15888888888888889,0.0,0.16027777777777777
