method,data_creation,data_processing,training,evaluation,Total
baseline,0.0,0.0,0.0,0.0,0.0
gat,0.0,0.001388888888888889,0.2363888888888889,0.0,0.23777777777777778
pdgrapher,0.0,0.001388888888888889,0.24472222222222223,0.0,0.2461111111111111
pdgrapher_nognn,0.0,0.0011111111111111111,0.15138888888888888,0.0,0.1525
