method,data_creation,data_processing,training,evaluation,Total
baseline,0.0,0.0,0.0,0.0,0.0
gat,0.0,0.0016666666666666668,0.38333333333333336,0.0,0.385
pdgrapher,0.0,0.0016666666666666668,0.39305555555555555,0.0,0.3947222222222222
pdgrapher_nognn,0.0,0.0016666666666666668,0.12527777777777777,0.0,0.12694444444444444
