method,data_creation,data_processing,training,evaluation,Total
baseline,0.0,0.0,0.0,0.0,0.0
gat,0.0,0.012777777777777779,0.0,0.0,0.012777777777777779
pdgrapher,0.0,0.015833333333333335,0.1425,0.0,0.15833333333333333
pdgrapher_nognn,0.0,0.021666666666666667,0.12861111111111112,0.0,0.1502777777777778
