method,data_creation,data_processing,training,evaluation,Total
baseline,0.0,0.0,0.0,0.0,0.0
gat,0.0,0.012777777777777779,0.42583333333333334,0.0,0.4386111111111111
pdgrapher,0.0,0.0033333333333333335,1.9744444444444444,0.0,1.9777777777777779
pdgrapher_nognn,0.0,0.0033333333333333335,0.5361111111111111,0.0,0.5394444444444444
