method,data_creation,data_processing,training,evaluation,Total
baseline,0.0,0.0,0.0,0.0,0.0
gat,0.0,0.010277777777777778,0.43833333333333335,0.0,0.4486111111111111
pdgrapher,0.0,0.0019444444444444444,2.463611111111111,0.0,2.4655555555555555
pdgrapher_nognn,0.0,0.0019444444444444444,0.6813888888888889,0.0,0.6833333333333333
