method,data_creation,data_processing,training,evaluation,Total
baseline,0.0,0.0,0.0,0.0,0.0
gat,0.0,0.08527777777777777,0.6602777777777777,0.0,0.7455555555555555
pdgrapher,0.0,0.10083333333333333,2.6575,0.0,2.7583333333333337
pdgrapher_nognn,0.0,0.10694444444444444,0.8016666666666666,0.0,0.908611111111111
