method,data_creation,data_processing,training,evaluation,Total
baseline,0.0,0.0,0.0,0.0,0.0
gat,0.0,0.009444444444444445,0.45916666666666667,0.0,0.4686111111111111
pdgrapher,0.0,0.0022222222222222222,3.246111111111111,0.0,3.248333333333333
pdgrapher_nognn,0.0,0.0022222222222222222,0.7169444444444445,0.0,0.7191666666666667
