method,data_creation,data_processing,training,evaluation,Total
baseline,0.0,0.0,0.0,0.0,0.0
gat,0.0,0.0016666666666666668,0.015277777777777777,0.0,0.016944444444444443
pdgrapher,0.0,0.001388888888888889,0.03194444444444444,0.0,0.03333333333333333
pdgrapher_nognn,0.0,0.001388888888888889,0.010555555555555556,0.0,0.011944444444444445
