method,data_creation,data_processing,training,evaluation,Total
baseline,0.0,0.0,0.0,0.0,0.0
gat,0.0,0.0038888888888888888,0.016944444444444446,0.0,0.020833333333333336
pdgrapher,0.0,0.0038888888888888888,0.030555555555555555,0.0,0.034444444444444444
pdgrapher_nognn,0.0,0.0038888888888888888,0.009722222222222222,0.0,0.013611111111111112
