method,data_creation,data_processing,training,evaluation,Total
baseline,0.0,0.0,0.0,0.0,0.0
gat,0.0,0.0016666666666666668,0.014722222222222222,0.0,0.016388888888888887
pdgrapher,0.0,0.001388888888888889,0.03638888888888889,0.0,0.03777777777777778
pdgrapher_nognn,0.0,0.0016666666666666668,0.007222222222222222,0.0,0.008888888888888889
