method,data_creation,data_processing,training,evaluation,Total
baseline,0.0,0.0,0.0,0.0,0.0
gat,0.0,0.001388888888888889,0.014166666666666666,0.0,0.015555555555555555
pdgrapher,0.0,0.001388888888888889,0.03333333333333333,0.0,0.034722222222222224
pdgrapher_nognn,0.0,0.0016666666666666668,0.01,0.0,0.011666666666666667
