method,data_creation,data_processing,training,evaluation,Total
baseline,0.0,0.0,0.0,0.0,0.0
gat,0.0,0.009166666666666667,0.7908333333333334,0.0,0.8
pdgrapher,0.0,0.0016666666666666668,2.475277777777778,0.0,2.4769444444444444
pdgrapher_nognn,0.0,0.0016666666666666668,0.45666666666666667,0.0,0.4583333333333333
