method,data_creation,data_processing,training,evaluation,Total
baseline,0.0,0.0,0.0,0.0,0.0
gat,0.0,0.07472222222222222,0.8063888888888889,0.0,0.8811111111111112
pdgrapher,0.0,0.10416666666666667,3.0080555555555555,0.0,3.112222222222222
pdgrapher_nognn,0.0,0.10333333333333333,0.59,0.0,0.6933333333333334
