method,data_creation,data_processing,training,evaluation,Total
baseline,0.0,0.0,0.0,0.0,0.0
gat,0.0,0.0016666666666666668,0.0,0.0,0.0016666666666666668
pdgrapher,0.0,0.0016666666666666668,0.2775,0.0,0.2791666666666667
pdgrapher_nognn,0.0,0.0025,0.09722222222222222,0.0,0.09972222222222223
