method,data_creation,data_processing,training,evaluation,Total
baseline,0.0,0.0,0.0,0.0,0.0
gat,0.0,0.034722222222222224,0.0,0.0,0.034722222222222224
pdgrapher,0.0,0.002777777777777778,0.19972222222222222,0.0,0.20249999999999999
pdgrapher_nognn,0.0,0.002777777777777778,0.10944444444444444,0.0,0.11222222222222222
