method,data_creation,data_processing,training,evaluation,Total
baseline,0.0,0.0,0.0,0.0,0.0
dual_comparison,0.0,0.0,0.0,0.0,0.0
gat,0.0,0.0019444444444444444,0.0,0.0,0.0019444444444444444
pdgrapher,0.0,0.0016666666666666668,0.0,0.0,0.0016666666666666668
pdgrapher_nognn,0.0,0.0016666666666666668,0.0,0.0,0.0016666666666666668
