method,data_creation,data_processing,training,evaluation,Total
baseline,0.0,0.0,0.0,0.0,0.0
gat,0.0,0.0016666666666666668,0.019166666666666665,0.0,0.020833333333333332
pdgrapher,0.0,0.0016666666666666668,0.035833333333333335,0.0,0.0375
pdgrapher_nognn,0.0,0.0016666666666666668,0.03333333333333333,0.0,0.034999999999999996
