method,data_creation,data_processing,training,evaluation,Total
baseline,0.0,0.0,0.0,0.0,0.0
gat,0.0,0.0016666666666666668,0.0175,0.0,0.01916666666666667
pdgrapher,0.0,0.0019444444444444444,0.03305555555555555,0.0,0.034999999999999996
pdgrapher_nognn,0.0,0.0019444444444444444,0.03166666666666667,0.0,0.03361111111111111
