method,data_creation,data_processing,training,evaluation,Total
baseline,0.0,0.0,0.0,0.0,0.0
gat,0.0,0.0019444444444444444,0.022222222222222223,0.0,0.024166666666666666
pdgrapher,0.0,0.0019444444444444444,0.03,0.0,0.03194444444444444
pdgrapher_nognn,0.0,0.0019444444444444444,0.023333333333333334,0.0,0.025277777777777777
