method,data_creation,data_processing,training,evaluation,Total
baseline,0.0,0.0,0.0,0.0,0.0
gat,0.0,0.001388888888888889,0.043333333333333335,0.0,0.044722222222222226
pdgrapher,0.0,0.004166666666666667,0.041666666666666664,0.0,0.04583333333333333
pdgrapher_nognn,0.0,0.004166666666666667,0.014722222222222222,0.0,0.01888888888888889
