method,data_creation,data_processing,training,evaluation,Total
baseline,0.0,0.0,0.0,0.0,0.0
gat,0.0,0.001388888888888889,0.0175,0.0,0.01888888888888889
pdgrapher,0.0,0.001388888888888889,0.06055555555555556,0.0,0.06194444444444445
pdgrapher_nognn,0.0,0.0016666666666666668,0.02388888888888889,0.0,0.025555555555555557
