method,data_creation,data_processing,training,evaluation,Total
baseline,0.0,0.0,0.0,0.0,0.0
gat,0.0,0.001388888888888889,0.0,0.0,0.001388888888888889
pdgrapher,0.0,0.001388888888888889,0.15416666666666667,0.0,0.15555555555555556
pdgrapher_nognn,0.0,0.001388888888888889,0.10611111111111111,0.0,0.1075
