method,data_creation,data_processing,training,evaluation,Total
baseline,0.0,0.0,0.0,0.0,0.0
gat,0.0,0.0016666666666666668,0.0,0.0,0.0016666666666666668
pdgrapher,0.0,0.004166666666666667,0.15583333333333332,0.0,0.16
pdgrapher_nognn,0.0,0.004166666666666667,0.09083333333333334,0.0,0.095
