method,data_creation,data_processing,training,evaluation,Total
baseline,0.0,0.0,0.0,0.0,0.0
gat,0.0,0.0025,0.0,0.0,0.0025
pdgrapher,0.0,0.001388888888888889,0.21611111111111111,0.0,0.2175
pdgrapher_nognn,0.0,0.001388888888888889,0.08472222222222223,0.0,0.08611111111111111
