method,data_creation,data_processing,training,evaluation,Total
baseline,0.0,0.0,0.0,0.0,0.0
gat,0.0,0.0016666666666666668,0.0,0.0,0.0016666666666666668
pdgrapher,0.0,0.001388888888888889,0.13777777777777778,0.0,0.13916666666666666
pdgrapher_nognn,0.0,0.0022222222222222222,0.09388888888888888,0.0,0.0961111111111111
