method,data_creation,data_processing,training,evaluation,Total
baseline,0.0,0.0,0.0,0.0,0.0
gat,0.0,0.0025,0.0,0.0,0.0025
pdgrapher,0.0,0.001388888888888889,0.14083333333333334,0.0,0.14222222222222222
pdgrapher_nognn,0.0,0.001388888888888889,0.10555555555555556,0.0,0.10694444444444444
