method,data_creation,data_processing,training,evaluation,Total
baseline,0.0,0.0,0.0,0.0,0.0
gat,0.0,0.008611111111111111,0.025,0.0,0.03361111111111111
pdgrapher,0.0,0.0030555555555555557,0.02361111111111111,0.0,0.026666666666666665
pdgrapher_nognn,0.0,0.0033333333333333335,0.014722222222222222,0.0,0.018055555555555554
