method,data_creation,data_processing,training,evaluation,Total
baseline,0.0,0.0,0.0,0.0,0.0
gat,0.0,0.002777777777777778,0.0,0.0,0.002777777777777778
pdgrapher,0.0,0.0019444444444444444,0.30416666666666664,0.0,0.3061111111111111
pdgrapher_nognn,0.0,0.0016666666666666668,0.0913888888888889,0.0,0.09305555555555556
