method,data_creation,data_processing,training,evaluation,Total
baseline,0.0,0.0,0.0,0.0,0.0
gat,0.0,0.001388888888888889,0.0,0.0,0.001388888888888889
pdgrapher,0.0,0.0016666666666666668,0.2775,0.0,0.2791666666666667
pdgrapher_nognn,0.0,0.0016666666666666668,0.07277777777777777,0.0,0.07444444444444444
