method,data_creation,data_processing,training,evaluation,Total
baseline,0.0,0.0,0.0,0.0,0.0
gat,0.0,0.001388888888888889,0.0,0.0,0.001388888888888889
pdgrapher,0.0,0.005277777777777778,0.2588888888888889,0.0,0.26416666666666666
pdgrapher_nognn,0.0,0.005277777777777778,0.09277777777777778,0.0,0.09805555555555556
