method,data_creation,data_processing,training,evaluation,Total
baseline,0.0,0.0,0.0,0.0,0.0
gat,0.0,0.0725,1.2655555555555555,0.0,1.3380555555555556
pdgrapher,0.0,0.155,4.491666666666666,0.0,4.6466666666666665
pdgrapher_nognn,0.0,0.15444444444444444,1.2508333333333332,0.0,1.4052777777777776
triple_comparison,0.0,0.0,0.0,0.0,0.0
