method,data_creation,data_processing,training,evaluation,Total
baseline,0.0,0.0,0.0,0.0,0.0
gat,0.0,0.001388888888888889,0.0575,0.0,0.05888888888888889
pdgrapher,0.0,0.0016666666666666668,0.13916666666666666,0.0,0.14083333333333334
pdgrapher_nognn,0.0,0.0016666666666666668,0.04972222222222222,0.0,0.05138888888888889
