method,data_creation,data_processing,training,evaluation,Total
baseline,0.0,0.0,0.0,0.0,0.0
gat,0.0,0.001388888888888889,0.0575,0.0,0.05888888888888889
pdgrapher,0.0,0.0016666666666666668,0.14222222222222222,0.0,0.1438888888888889
pdgrapher_nognn,0.0,0.0016666666666666668,0.04972222222222222,0.0,0.05138888888888889
triple_comparison,0.0,0.0,0.0,0.0,0.0
