method,data_creation,data_processing,training,evaluation,Total
baseline,0.0,0.0,0.0,0.0,0.0
gat,0.0,0.013333333333333334,0.07083333333333333,0.0,0.08416666666666667
pdgrapher,0.0,0.007222222222222222,0.1386111111111111,0.0,0.14583333333333331
pdgrapher_nognn,0.0,0.006388888888888889,0.028333333333333332,0.0,0.034722222222222224
