method,data_creation,data_processing,training,evaluation,Total
baseline,0.0,0.0,0.0,0.0,0.0
gat,0.0,0.009444444444444445,0.025555555555555557,0.0,0.035
pdgrapher,0.0,0.0038888888888888888,0.01972222222222222,0.0,0.02361111111111111
pdgrapher_nognn,0.0,0.0033333333333333335,0.011666666666666667,0.0,0.015000000000000001
