method,data_creation,data_processing,training,evaluation,Total
baseline,0.0,0.0,0.0,0.0,0.0
gat,0.0,0.001388888888888889,0.02361111111111111,0.0,0.024999999999999998
pdgrapher,0.0,0.001388888888888889,0.029166666666666667,0.0,0.030555555555555555
pdgrapher_nognn,0.0,0.0019444444444444444,0.009166666666666667,0.0,0.011111111111111112
