method,data_creation,data_processing,training,evaluation,Total
baseline,0.0,0.0,0.0,0.0,0.0
gat,0.0,0.0011111111111111111,0.019444444444444445,0.0,0.020555555555555556
pdgrapher,0.0,0.005,0.0175,0.0,0.022500000000000003
pdgrapher_nognn,0.0,0.005,0.01138888888888889,0.0,0.01638888888888889
