method,data_creation,data_processing,training,evaluation,Total
baseline,0.0,0.0,0.0,0.0,0.0
gat,0.0,0.001388888888888889,0.015277777777777777,0.0,0.016666666666666666
pdgrapher,0.0,0.001388888888888889,0.014722222222222222,0.0,0.01611111111111111
pdgrapher_nognn,0.0,0.0016666666666666668,0.010277777777777778,0.0,0.011944444444444445
