method,data_creation,data_processing,training,evaluation,Total
baseline,0.0,0.0,0.0,0.0,0.0
gat,0.0,0.001388888888888889,0.01888888888888889,0.0,0.020277777777777777
pdgrapher,0.0,0.0016666666666666668,0.014722222222222222,0.0,0.016388888888888887
pdgrapher_nognn,0.0,0.0016666666666666668,0.006388888888888889,0.0,0.008055555555555555
