method,data_creation,data_processing,training,evaluation,Total
baseline,0.0,0.0,0.0,0.0,0.0
gat,0.0,0.0016666666666666668,0.013333333333333334,0.0,0.015000000000000001
pdgrapher,0.0,0.0016666666666666668,0.01611111111111111,0.0,0.017777777777777778
pdgrapher_nognn,0.0,0.001388888888888889,0.0075,0.0,0.008888888888888889
