method,data_creation,data_processing,training,evaluation,Total
baseline,0.0,0.0,0.0,0.0,0.0
gat,0.0,0.0016666666666666668,0.26361111111111113,0.0,0.2652777777777778
pdgrapher,0.0,0.0011111111111111111,0.19111111111111112,0.0,0.19222222222222224
pdgrapher_nognn,0.0,0.0011111111111111111,0.08277777777777778,0.0,0.08388888888888889
