method,data_creation,data_processing,training,evaluation,Total
baseline,0.0,0.0,0.0,0.0,0.0
gat,0.0,0.019166666666666665,0.21583333333333332,0.0,0.235
pdgrapher,0.0,0.050555555555555555,0.17333333333333334,0.0,0.2238888888888889
pdgrapher_nognn,0.0,0.012222222222222223,0.09472222222222222,0.0,0.10694444444444444
