method,data_creation,data_processing,training,evaluation,Total
baseline,0.0,0.0,0.0,0.0,0.0
gat,0.0,0.0025,0.28888888888888886,0.0,0.29138888888888886
pdgrapher,0.0,0.001388888888888889,0.26916666666666667,0.0,0.27055555555555555
pdgrapher_nognn,0.0,0.0011111111111111111,0.10861111111111112,0.0,0.10972222222222222
triple_comparison,0.0,0.0,0.0,0.0,0.0
