method,data_creation,data_processing,training,evaluation,Total
baseline,0.0,0.0,0.0,0.0,0.0
gat,0.0,0.001388888888888889,0.30694444444444446,0.0,0.30833333333333335
pdgrapher,0.0,0.001388888888888889,0.1725,0.0,0.17388888888888887
pdgrapher_nognn,0.0,0.0016666666666666668,0.09416666666666666,0.0,0.09583333333333333
