method,data_creation,data_processing,training,evaluation,Total
baseline,0.0,0.0,0.0,0.0,0.0
gat,0.0,0.008888888888888889,0.014722222222222222,0.0,0.02361111111111111
pdgrapher,0.0,0.002777777777777778,0.035555555555555556,0.0,0.03833333333333333
pdgrapher_nognn,0.0,0.002777777777777778,0.010277777777777778,0.0,0.013055555555555556
