method,data_creation,data_processing,training,evaluation,Total
baseline,0.0,0.0,0.0,0.0,0.0
gat,0.0,0.001388888888888889,0.015,0.0,0.016388888888888887
pdgrapher,0.0,0.001388888888888889,0.028333333333333332,0.0,0.02972222222222222
pdgrapher_nognn,0.0,0.0016666666666666668,0.013333333333333334,0.0,0.015000000000000001
