method,data_creation,data_processing,training,evaluation,Total
baseline,0.0,0.0,0.0,0.0,0.0
gat,0.0,0.001388888888888889,0.018333333333333333,0.0,0.01972222222222222
pdgrapher,0.0,0.001388888888888889,0.035277777777777776,0.0,0.03666666666666667
pdgrapher_nognn,0.0,0.0016666666666666668,0.006944444444444444,0.0,0.008611111111111111
