method,data_creation,data_processing,training,evaluation,Total
baseline,0.0,0.0,0.0,0.0,0.0
gat,0.0,0.0038888888888888888,0.01638888888888889,0.0,0.02027777777777778
pdgrapher,0.0,0.0011111111111111111,0.03666666666666667,0.0,0.03777777777777778
pdgrapher_nognn,0.0,0.0011111111111111111,0.0077777777777777776,0.0,0.008888888888888889
