method,data_creation,data_processing,training,evaluation,Total
baseline,0.0,0.0,0.0,0.0,0.0
gat,0.0,0.0016666666666666668,0.014722222222222222,0.0,0.016388888888888887
pdgrapher,0.0,0.0016666666666666668,0.0475,0.0,0.049166666666666664
pdgrapher_nognn,0.0,0.0016666666666666668,0.008055555555555555,0.0,0.009722222222222222
