method,data_creation,data_processing,training,evaluation,Total
baseline,0.0,0.0,0.0,0.0,0.0
gat,0.0,0.0019444444444444444,0.02,0.0,0.021944444444444444
pdgrapher,0.0,0.0022222222222222222,0.041666666666666664,0.0,0.04388888888888889
pdgrapher_nognn,0.0,0.0022222222222222222,0.008611111111111111,0.0,0.010833333333333334
