method,data_creation,data_processing,training,evaluation,Total
baseline,0.0,0.0,0.0,0.0,0.0
gat,0.0,0.016666666666666666,0.13472222222222222,0.0,0.15138888888888888
pdgrapher,0.0,0.02,0.25972222222222224,0.0,0.27972222222222226
pdgrapher_nognn,0.0,0.020555555555555556,0.05611111111111111,0.0,0.07666666666666666
