method,data_creation,data_processing,training,evaluation,Total
baseline,0.0,0.0,0.0,0.0,0.0
gat,0.0,0.0075,0.355,0.0,0.3625
pdgrapher,0.0,0.008055555555555555,0.4191666666666667,0.0,0.4272222222222222
pdgrapher_nognn,0.0,0.0075,0.21666666666666667,0.0,0.22416666666666668
