method,data_creation,data_processing,training,evaluation,Total
baseline,0.0,0.0,0.0,0.0,0.0
gat,0.0,0.0016666666666666668,0.0,0.0,0.0016666666666666668
pdgrapher,0.0,0.0011111111111111111,0.15916666666666668,0.0,0.1602777777777778
pdgrapher_nognn,0.0,0.0011111111111111111,0.13944444444444445,0.0,0.14055555555555557
