method,data_creation,data_processing,training,evaluation,Total
baseline,0.0,0.0,0.0,0.0,0.0
gat,0.0,0.0016666666666666668,0.0,0.0,0.0016666666666666668
pdgrapher,0.0,0.001388888888888889,0.16722222222222222,0.0,0.1686111111111111
pdgrapher_nognn,0.0,0.001388888888888889,0.11166666666666666,0.0,0.11305555555555555
