method,data_creation,data_processing,training,evaluation,Total
baseline,0.0,0.0,0.0,0.0,0.0
gat,0.0,0.0019444444444444444,0.05555555555555555,0.0,0.057499999999999996
pdgrapher,0.0,0.0019444444444444444,0.06333333333333334,0.0,0.06527777777777778
pdgrapher_nognn,0.0,0.0019444444444444444,0.025833333333333333,0.0,0.027777777777777776
