method,data_creation,data_processing,training,evaluation,Total
baseline,0.0,0.0,0.0,0.0,0.0
gat,0.0,0.0016666666666666668,0.0,0.0,0.0016666666666666668
pdgrapher,0.0,0.0022222222222222222,0.1363888888888889,0.0,0.1386111111111111
pdgrapher_nognn,0.0,0.0022222222222222222,0.10444444444444445,0.0,0.10666666666666667
