method,data_creation,data_processing,training,evaluation,Total
baseline,0.0,0.0,0.0,0.0,0.0
gat,0.0,0.015555555555555555,0.0,0.0,0.015555555555555555
pdgrapher,0.0,0.026944444444444444,0.14333333333333334,0.0,0.17027777777777778
pdgrapher_nognn,0.0,0.03333333333333333,0.09861111111111111,0.0,0.13194444444444445
