method,data_creation,data_processing,training,evaluation,Total
baseline,0.0,0.0,0.0,0.0,0.0
gat,0.0,0.0175,0.0,0.0,0.0175
pdgrapher,0.0,0.017777777777777778,0.2286111111111111,0.0,0.24638888888888888
pdgrapher_nognn,0.0,0.021944444444444444,0.043611111111111114,0.0,0.06555555555555556
