method,data_creation,data_processing,training,evaluation,Total
baseline,0.0,0.0,0.0,0.0,0.0
gat,0.0,0.0016666666666666668,0.0,0.0,0.0016666666666666668
pdgrapher,0.0,0.001388888888888889,0.21333333333333335,0.0,0.21472222222222223
pdgrapher_nognn,0.0,0.001388888888888889,0.04416666666666667,0.0,0.04555555555555556
