method,data_creation,data_processing,training,evaluation,Total
baseline,0.0,0.0,0.0,0.0,0.0
gat,0.0,0.008888888888888889,0.03027777777777778,0.0,0.03916666666666667
pdgrapher,0.0,0.004166666666666667,0.07611111111111112,0.0,0.08027777777777778
pdgrapher_nognn,0.0,0.004166666666666667,0.013333333333333334,0.0,0.0175
