method,data_creation,data_processing,training,evaluation,Total
baseline,0.0,0.0,0.0,0.0,0.0
gat,0.0,0.0175,0.3794444444444444,0.0,0.39694444444444443
pdgrapher,0.0,0.04,0.18138888888888888,0.0,0.22138888888888889
pdgrapher_nognn,0.0,0.03222222222222222,0.11694444444444445,0.0,0.14916666666666667
