method,data_creation,data_processing,training,evaluation,Total
baseline,0.0,0.0,0.0,0.0,0.0
gat,0.0,0.0019444444444444444,0.0,0.0,0.0019444444444444444
pdgrapher,0.0,0.0011111111111111111,1.28,0.0,1.281111111111111
pdgrapher_nognn,0.0,0.0011111111111111111,0.0913888888888889,0.0,0.0925
