method,data_creation,data_processing,training,evaluation,Total
baseline,0.0,0.0,0.0,0.0,0.0
gat,0.0,0.021388888888888888,0.0,0.0,0.021388888888888888
pdgrapher,0.0,0.025277777777777777,2.499722222222222,0.0,2.525
pdgrapher_nognn,0.0,0.025277777777777777,0.09722222222222222,0.0,0.1225
