method,data_creation,data_processing,training,evaluation,Total
baseline,0.0,0.0,0.0,0.0,0.0
gat,0.0,0.017222222222222222,0.0,0.0,0.017222222222222222
pdgrapher,0.0,0.022222222222222223,0.15055555555555555,0.0,0.17277777777777778
pdgrapher_nognn,0.0,0.015833333333333335,0.095,0.0,0.11083333333333334
