method,data_creation,data_processing,training,evaluation,Total
baseline,0.0,0.0,0.0,0.0,0.0
gat,0.0,0.023055555555555555,0.2738888888888889,0.0,0.29694444444444446
pdgrapher,0.0,0.030833333333333334,0.18861111111111112,0.0,0.21944444444444444
pdgrapher_nognn,0.0,0.027777777777777776,0.11472222222222223,0.0,0.14250000000000002
