method,data_creation,data_processing,training,evaluation,Total
baseline,0.0,0.0,0.0,0.0,0.0
gat,0.0,0.0022222222222222222,0.0,0.0,0.0022222222222222222
pdgrapher,0.0,0.0022222222222222222,0.10666666666666667,0.0,0.1088888888888889
pdgrapher_nognn,0.0,0.0019444444444444444,0.035277777777777776,0.0,0.03722222222222222
