method,data_creation,data_processing,training,evaluation,Total
baseline,0.0,0.0,0.0,0.0,0.0
gat,0.0,0.0016666666666666668,0.0,0.0,0.0016666666666666668
pdgrapher,0.0,0.0022222222222222222,0.07472222222222222,0.0,0.07694444444444444
pdgrapher_nognn,0.0,0.0022222222222222222,0.034722222222222224,0.0,0.036944444444444446
