method,data_creation,data_processing,training,evaluation,Total
baseline,0.0,0.0,0.0,0.0,0.0
gat,0.0,0.021111111111111112,0.0,0.0,0.021111111111111112
pdgrapher,0.0,0.0475,0.2644444444444444,0.0,0.3119444444444444
pdgrapher_nognn,0.0,0.050833333333333335,0.18416666666666667,0.0,0.23500000000000001
