method,data_creation,data_processing,training,evaluation,Total
baseline,0.0,0.0,0.0,0.0,0.0
gat,0.0,0.001388888888888889,0.28805555555555556,0.0,0.28944444444444445
pdgrapher,0.0,0.001388888888888889,0.18138888888888888,0.0,0.18277777777777776
pdgrapher_nognn,0.0,0.001388888888888889,0.09861111111111111,0.0,0.09999999999999999
