method,data_creation,data_processing,training,evaluation,Total
baseline,0.0,0.0,0.0,0.0,0.0
gat,0.0,0.016944444444444446,0.3819444444444444,0.0,0.39888888888888885
pdgrapher,0.0,0.018055555555555554,0.19916666666666666,0.0,0.2172222222222222
pdgrapher_nognn,0.0,0.018055555555555554,0.08861111111111111,0.0,0.10666666666666666
