method,data_creation,data_processing,training,evaluation,Total
baseline,0.0,0.0,0.0,0.0,0.0
gat,0.0,0.001388888888888889,0.25277777777777777,0.0,0.25416666666666665
pdgrapher,0.0,0.001388888888888889,0.2336111111111111,0.0,0.235
pdgrapher_nognn,0.0,0.001388888888888889,0.06722222222222222,0.0,0.06861111111111111
