method,data_creation,data_processing,training,evaluation,Total
baseline,0.0,0.0,0.0,0.0,0.0
gat,0.0,0.0019444444444444444,0.3125,0.0,0.31444444444444447
pdgrapher,0.0,0.001388888888888889,0.2127777777777778,0.0,0.21416666666666667
pdgrapher_nognn,0.0,0.001388888888888889,0.11666666666666667,0.0,0.11805555555555555
