method,data_creation,data_processing,training,evaluation,Total
baseline,0.0,0.0,0.0,0.0,0.0
gat,0.0,0.0022222222222222222,0.29833333333333334,0.0,0.3005555555555556
pdgrapher,0.0,0.0011111111111111111,0.16055555555555556,0.0,0.16166666666666668
pdgrapher_nognn,0.0,0.0011111111111111111,0.06138888888888889,0.0,0.0625
