method,data_creation,data_processing,training,evaluation,Total
baseline,0.0,0.0,0.0,0.0,0.0
gat,0.0,0.020555555555555556,0.0,0.0,0.020555555555555556
pdgrapher,0.0,0.04777777777777778,0.2702777777777778,0.0,0.31805555555555554
pdgrapher_nognn,0.0,0.04638888888888889,0.13833333333333334,0.0,0.18472222222222223
