method,data_creation,data_processing,training,evaluation,Total
baseline,0.0,0.0,0.0,0.0,0.0
gat,0.0,0.0016666666666666668,0.0,0.0,0.0016666666666666668
pdgrapher,0.0,0.0016666666666666668,0.14972222222222223,0.0,0.1513888888888889
pdgrapher_nognn,0.0,0.0016666666666666668,0.11166666666666666,0.0,0.11333333333333333
