method,data_creation,data_processing,training,evaluation,Total
baseline,0.0,0.0,0.0,0.0,0.0
gat,0.0,0.0019444444444444444,0.0,0.0,0.0019444444444444444
pdgrapher,0.0,0.0019444444444444444,0.1411111111111111,0.0,0.14305555555555555
pdgrapher_nognn,0.0,0.0019444444444444444,0.11472222222222223,0.0,0.11666666666666667
