method,data_creation,data_processing,training,evaluation,Total
baseline,0.0,0.0,0.0,0.0,0.0
gat,0.0,0.0019444444444444444,0.0,0.0,0.0019444444444444444
pdgrapher,0.0,0.004722222222222222,0.1436111111111111,0.0,0.14833333333333332
pdgrapher_nognn,0.0,0.006666666666666667,0.1288888888888889,0.0,0.13555555555555554
