method,data_creation,data_processing,training,evaluation,Total
baseline,0.0,0.0,0.0,0.0,0.0
gat,0.0,0.018333333333333333,0.0,0.0,0.018333333333333333
pdgrapher,0.0,0.0275,0.14805555555555555,0.0,0.17555555555555555
pdgrapher_nognn,0.0,0.024166666666666666,0.11777777777777777,0.0,0.14194444444444443
