method,data_creation,data_processing,training,evaluation,Total
baseline,0.0,0.0,0.0,0.0,0.0
gat,0.0,0.0016666666666666668,0.0,0.0,0.0016666666666666668
pdgrapher,0.0,0.0016666666666666668,0.15888888888888889,0.0,0.16055555555555556
pdgrapher_nognn,0.0,0.0016666666666666668,0.11055555555555556,0.0,0.11222222222222222
