method,data_creation,data_processing,training,evaluation,Total
gat,0.0,0.01972222222222222,0.98,0.0,0.9997222222222222
pdgrapher,0.0,0.02638888888888889,2.6866666666666665,0.0,2.7130555555555556
pdgrapher_nognn,0.0,0.03194444444444444,0.8163888888888889,0.0,0.8483333333333334
