method,data_creation,data_processing,training,evaluation,Total
baseline,0.0,0.0,0.0,0.0,0.0
gat,0.0,0.0016666666666666668,0.0,0.0,0.0016666666666666668
pdgrapher,0.0,0.0011111111111111111,0.2063888888888889,0.0,0.20750000000000002
pdgrapher_nognn,0.0,0.0011111111111111111,0.1025,0.0,0.1036111111111111
