method,data_creation,data_processing,training,evaluation,Total
baseline,0.0,0.0,0.0,0.0,0.0
gat,0.0,0.001388888888888889,0.0,0.0,0.001388888888888889
pdgrapher,0.0,0.001388888888888889,0.30416666666666664,0.0,0.3055555555555555
pdgrapher_nognn,0.0,0.0016666666666666668,0.11194444444444444,0.0,0.11361111111111111
