method,data_creation,data_processing,training,evaluation,Total
baseline,0.0,0.0,0.0,0.0,0.0
gat,0.0,0.001388888888888889,0.0,0.0,0.001388888888888889
pdgrapher,0.0,0.0011111111111111111,0.20194444444444445,0.0,0.20305555555555557
pdgrapher_nognn,0.0,0.0011111111111111111,0.09055555555555556,0.0,0.09166666666666666
