method,data_creation,data_processing,training,evaluation,Total
baseline,0.0,0.0,0.0,0.0,0.0
gat,0.0,0.001388888888888889,0.0,0.0,0.001388888888888889
pdgrapher,0.0,0.001388888888888889,0.24222222222222223,0.0,0.2436111111111111
pdgrapher_nognn,0.0,0.001388888888888889,0.12444444444444444,0.0,0.12583333333333332
