method,data_creation,data_processing,training,evaluation,Total
baseline,0.0,0.0,0.0,0.0,0.0
gat,0.0,0.01972222222222222,0.0,0.0,0.01972222222222222
pdgrapher,0.0,0.03,0.14944444444444444,0.0,0.17944444444444443
pdgrapher_nognn,0.0,0.029722222222222223,0.0913888888888889,0.0,0.12111111111111111
