method,data_creation,data_processing,training,evaluation,Total
baseline,0.0,0.0,0.0,0.0,0.0
gat,0.0,0.0030555555555555557,0.24166666666666667,0.0,0.24472222222222223
pdgrapher,0.0,0.0016666666666666668,0.22527777777777777,0.0,0.22694444444444445
pdgrapher_nognn,0.0,0.0016666666666666668,0.0811111111111111,0.0,0.08277777777777777
