method,data_creation,data_processing,training,evaluation,Total
baseline,0.0,0.0,0.0,0.0,0.0
gat,0.0,0.0022222222222222222,0.22694444444444445,0.0,0.22916666666666666
pdgrapher,0.0,0.0022222222222222222,0.1725,0.0,0.1747222222222222
pdgrapher_nognn,0.0,0.0016666666666666668,0.07694444444444444,0.0,0.0786111111111111
