method,data_creation,data_processing,training,evaluation,Total
baseline,0.0,0.0,0.0,0.0,0.0
gat,0.0,0.015555555555555555,0.21694444444444444,0.0,0.23249999999999998
pdgrapher,0.0,0.024444444444444446,0.25666666666666665,0.0,0.2811111111111111
pdgrapher_nognn,0.0,0.025555555555555557,0.12805555555555556,0.0,0.15361111111111111
