method,data_creation,data_processing,training,evaluation,Total
baseline,0.0,0.0,0.0,0.0,0.0
gat,0.0,0.0016666666666666668,0.1388888888888889,0.0,0.14055555555555557
pdgrapher,0.0,0.0019444444444444444,0.2813888888888889,0.0,0.2833333333333334
pdgrapher_nognn,0.0,0.001388888888888889,0.06888888888888889,0.0,0.07027777777777777
