method,data_creation,data_processing,training,evaluation,Total
baseline,0.0,0.0,0.0,0.0,0.0
gat,0.0,0.0011111111111111111,0.16416666666666666,0.0,0.16527777777777777
pdgrapher,0.0,0.0011111111111111111,0.27666666666666667,0.0,0.2777777777777778
pdgrapher_nognn,0.0,0.0016666666666666668,0.07666666666666666,0.0,0.07833333333333332
