method,data_creation,data_processing,training,evaluation,Total
baseline,0.0,0.0,0.0,0.0,0.0
gat,0.0,0.0022222222222222222,0.0,0.0,0.0022222222222222222
pdgrapher,0.0,0.0022222222222222222,0.2797222222222222,0.0,0.28194444444444444
pdgrapher_nognn,0.0,0.0016666666666666668,0.09194444444444444,0.0,0.0936111111111111
