method,data_creation,data_processing,training,evaluation,Total
baseline,0.0,0.0,0.0,0.0,0.0
gat,0.0,0.0016666666666666668,0.19583333333333333,0.0,0.1975
pdgrapher,0.0,0.001388888888888889,0.1802777777777778,0.0,0.18166666666666667
pdgrapher_nognn,0.0,0.001388888888888889,0.0925,0.0,0.09388888888888888
