method,data_creation,data_processing,training,evaluation,Total
baseline,0.0,0.0,0.0,0.0,0.0
gat,0.0,0.0016666666666666668,0.19166666666666668,0.0,0.19333333333333336
pdgrapher,0.0,0.001388888888888889,0.18194444444444444,0.0,0.18333333333333332
pdgrapher_nognn,0.0,0.001388888888888889,0.11222222222222222,0.0,0.11361111111111111
