method,data_creation,data_processing,training,evaluation,Total
baseline,0.0,0.0,0.0,0.0,0.0
gat,0.0,0.012222222222222223,0.22083333333333333,0.0,0.23305555555555554
pdgrapher,0.0,0.021111111111111112,0.1663888888888889,0.0,0.1875
pdgrapher_nognn,0.0,0.021111111111111112,0.10722222222222222,0.0,0.12833333333333333
