method,data_creation,data_processing,training,evaluation,Total
baseline,0.0,0.0,0.0,0.0,0.0
gat,0.0,0.001388888888888889,0.2452777777777778,0.0,0.24666666666666667
pdgrapher,0.0,0.001388888888888889,0.2127777777777778,0.0,0.21416666666666667
pdgrapher_nognn,0.0,0.0019444444444444444,0.11638888888888889,0.0,0.11833333333333333
