method,data_creation,data_processing,training,evaluation,Total
baseline,0.0,0.0,0.0,0.0,0.0
gat,0.0,0.0016666666666666668,0.15472222222222223,0.0,0.1563888888888889
pdgrapher,0.0,0.0016666666666666668,0.1297222222222222,0.0,0.1313888888888889
pdgrapher_nognn,0.0,0.001388888888888889,0.10611111111111111,0.0,0.1075
