method,data_creation,data_processing,training,evaluation,Total
baseline,0.0,0.0,0.0,0.0,0.0
gat,0.0,0.0016666666666666668,0.0,0.0,0.0016666666666666668
pdgrapher,0.0,0.0016666666666666668,0.23166666666666666,0.0,0.23333333333333334
pdgrapher_nognn,0.0,0.0016666666666666668,0.19111111111111112,0.0,0.1927777777777778
