method,data_creation,data_processing,training,evaluation,Total
baseline,0.0,0.0,0.0,0.0,0.0
gat,0.0,0.001388888888888889,0.0,0.0,0.001388888888888889
pdgrapher,0.0,0.001388888888888889,0.1525,0.0,0.15388888888888888
pdgrapher_nognn,0.0,0.001388888888888889,0.10944444444444444,0.0,0.11083333333333333
