method,data_creation,data_processing,training,evaluation,Total
baseline,0.0,0.0,0.0,0.0,0.0
gat,0.0,0.0019444444444444444,0.0,0.0,0.0019444444444444444
pdgrapher,0.0,0.0022222222222222222,0.1386111111111111,0.0,0.1408333333333333
pdgrapher_nognn,0.0,0.0022222222222222222,0.09055555555555556,0.0,0.09277777777777778
