method,data_creation,data_processing,training,evaluation,Total
baseline,0.0,0.0,0.0,0.0,0.0
gat,0.0,0.0011111111111111111,0.0,0.0,0.0011111111111111111
pdgrapher,0.0,0.002777777777777778,0.15916666666666668,0.0,0.16194444444444445
pdgrapher_nognn,0.0,0.002777777777777778,0.11611111111111111,0.0,0.11888888888888889
