method,data_creation,data_processing,training,evaluation,Total
baseline,0.0,0.0,0.0,0.0,0.0
gat,0.0,0.011666666666666667,0.0,0.0,0.011666666666666667
pdgrapher,0.0,0.02722222222222222,0.14888888888888888,0.0,0.1761111111111111
pdgrapher_nognn,0.0,0.0275,0.095,0.0,0.1225
