method,data_creation,data_processing,training,evaluation,Total
baseline,0.0,0.0,0.0,0.0,0.0
gat,0.0,0.0022222222222222222,0.7455555555555555,0.0,0.7477777777777778
pdgrapher,0.0,0.013055555555555556,0.6080555555555556,0.0,0.6211111111111112
pdgrapher_nognn,0.0,0.012777777777777779,0.31805555555555554,0.0,0.3308333333333333
