method,data_creation,data_processing,training,evaluation,Total
baseline,0.0,0.0,0.0,0.0,0.0
gat,0.0,0.002777777777777778,0.39166666666666666,0.0,0.39444444444444443
pdgrapher,0.0,0.006388888888888889,0.18416666666666667,0.0,0.19055555555555556
pdgrapher_nognn,0.0,0.006388888888888889,0.17722222222222223,0.0,0.1836111111111111
