method,data_creation,data_processing,training,evaluation,Total
baseline,0.0,0.0,0.0,0.0,0.0
gat,0.0,0.0025,0.3161111111111111,0.0,0.3186111111111111
pdgrapher,0.0,0.0019444444444444444,0.002777777777777778,0.0,0.004722222222222222
pdgrapher_nognn,0.0,0.0019444444444444444,0.002777777777777778,0.0,0.004722222222222222
