method,data_creation,data_processing,training,evaluation,Total
baseline,0.0,0.0,0.0,0.0,0.0
gat,0.0,0.016944444444444446,0.2569444444444444,0.0,0.27388888888888885
pdgrapher,0.0,0.021388888888888888,0.29888888888888887,0.0,0.3202777777777778
pdgrapher_nognn,0.0,0.021388888888888888,0.09,0.0,0.11138888888888888
