method,data_creation,data_processing,training,evaluation,Total
baseline,0.0,0.0,0.0,0.0,0.0
gat,0.0,0.01888888888888889,0.43805555555555553,0.0,0.45694444444444443
pdgrapher,0.0,0.02722222222222222,0.0022222222222222222,0.0,0.029444444444444443
pdgrapher_nognn,0.0,0.02722222222222222,0.0044444444444444444,0.0,0.03166666666666666
