method,data_creation,data_processing,training,evaluation,Total
baseline,0.0,0.0,0.0,0.0,0.0
gat,0.0,0.001388888888888889,0.26416666666666666,0.0,0.26555555555555554
pdgrapher,0.0,0.0011111111111111111,0.16527777777777777,0.0,0.1663888888888889
pdgrapher_nognn,0.0,0.0011111111111111111,0.10583333333333333,0.0,0.10694444444444444
