method,data_creation,data_processing,training,evaluation,Total
baseline,0.0,0.0,0.0,0.0,0.0
gat,0.0,0.0022222222222222222,0.3852777777777778,0.0,0.3875
pdgrapher,0.0,0.001388888888888889,0.23777777777777778,0.0,0.23916666666666667
pdgrapher_nognn,0.0,0.0016666666666666668,0.11444444444444445,0.0,0.11611111111111111
triple_comparison,0.0,0.0,0.0,0.0,0.0
