method,data_creation,data_processing,training,evaluation,Total
baseline,0.0,0.0,0.0,0.0,0.0
gat,0.0,0.0025,0.43444444444444447,0.0,0.43694444444444447
pdgrapher,0.0,0.0025,0.2675,0.0,0.27
pdgrapher_nognn,0.0,0.0019444444444444444,0.10694444444444444,0.0,0.10888888888888888
