method,data_creation,data_processing,training,evaluation,Total
baseline,0.0,0.0,0.0,0.0,0.0
gat,0.0,0.001388888888888889,0.2816666666666667,0.0,0.28305555555555556
pdgrapher,0.0,0.0011111111111111111,0.27,0.0,0.27111111111111114
pdgrapher_nognn,0.0,0.0011111111111111111,0.11638888888888889,0.0,0.1175
