method,data_creation,data_processing,training,evaluation,Total
baseline,0.0,0.0,0.0,0.0,0.0
gat,0.0,0.0025,0.4652777777777778,0.0,0.4677777777777778
pdgrapher,0.0,0.0019444444444444444,0.002777777777777778,0.0,0.004722222222222222
pdgrapher_nognn,0.0,0.0019444444444444444,0.002777777777777778,0.0,0.004722222222222222
triple_comparison,0.0,0.0,0.0,0.0,0.0
