method,data_creation,data_processing,training,evaluation,Total
baseline,0.0,0.0,0.0,0.0,0.0
gat,0.0,0.018055555555555554,0.0,0.0,0.018055555555555554
pdgrapher,0.0,0.030833333333333334,0.26555555555555554,0.0,0.29638888888888887
pdgrapher_nognn,0.0,0.021666666666666667,0.07611111111111112,0.0,0.09777777777777778
