method,data_creation,data_processing,training,evaluation,Total
baseline,0.0,0.0,0.0,0.0,0.0
gat,0.0,0.0019444444444444444,0.0,0.0,0.0019444444444444444
pdgrapher,0.0,0.0011111111111111111,0.36138888888888887,0.0,0.3625
pdgrapher_nognn,0.0,0.0011111111111111111,0.07527777777777778,0.0,0.07638888888888888
