method,data_creation,data_processing,training,evaluation,Total
baseline,0.0,0.0,0.0,0.0,0.0
gat,0.0,0.025277777777777777,0.07305555555555555,0.0,0.09833333333333333
pdgrapher,0.0,0.001388888888888889,0.024166666666666666,0.0,0.025555555555555554
pdgrapher_nognn,0.0,0.0019444444444444444,0.015555555555555555,0.0,0.017499999999999998
