method,data_creation,data_processing,training,evaluation,Total
baseline,0.0,0.0,0.0,0.0,0.0
gat,0.0,0.001388888888888889,0.0,0.0,0.001388888888888889
pdgrapher,0.0,0.0022222222222222222,0.1386111111111111,0.0,0.1408333333333333
pdgrapher_nognn,0.0,0.0022222222222222222,0.095,0.0,0.09722222222222222
