method,data_creation,data_processing,training,evaluation,Total
baseline,0.0,0.0,0.0,0.0,0.0
gat,0.0,0.017222222222222222,0.0,0.0,0.017222222222222222
pdgrapher,0.0,0.029166666666666667,0.14527777777777778,0.0,0.17444444444444446
pdgrapher_nognn,0.0,0.024444444444444446,0.10083333333333333,0.0,0.12527777777777777
