method,data_creation,data_processing,training,evaluation,Total
baseline,0.0,0.0,0.0,0.0,0.0
gat,0.0,0.002777777777777778,0.0,0.0,0.002777777777777778
pdgrapher,0.0,0.0011111111111111111,0.2586111111111111,0.0,0.25972222222222224
pdgrapher_nognn,0.0,0.0022222222222222222,0.18222222222222223,0.0,0.18444444444444444
