method,data_creation,data_processing,training,evaluation,Total
baseline,0.0,0.0,0.0,0.0,0.0
gat,0.0,0.002777777777777778,0.0,0.0,0.002777777777777778
pdgrapher,0.0,0.0022222222222222222,0.31777777777777777,0.0,0.32
pdgrapher_nognn,0.0,0.0016666666666666668,0.31972222222222224,0.0,0.3213888888888889
