method,data_creation,data_processing,training,evaluation,Total
baseline,0.0,0.0,0.0,0.0,0.0
gat,0.0,0.001388888888888889,0.019166666666666665,0.0,0.020555555555555553
pdgrapher,0.0,0.0016666666666666668,0.03,0.0,0.03166666666666666
pdgrapher_nognn,0.0,0.0019444444444444444,0.010555555555555556,0.0,0.0125
