method,data_creation,data_processing,training,evaluation,Total
baseline,0.0,0.0,0.0,0.0,0.0
gat,0.0,0.001388888888888889,0.01638888888888889,0.0,0.017777777777777778
pdgrapher,0.0,0.001388888888888889,0.0225,0.0,0.023888888888888887
pdgrapher_nognn,0.0,0.001388888888888889,0.010833333333333334,0.0,0.012222222222222223
