method,data_creation,data_processing,training,evaluation,Total
baseline,0.0,0.0,0.0,0.0,0.0
gat,0.0,0.0016666666666666668,0.013888888888888888,0.0,0.015555555555555555
pdgrapher,0.0,0.0016666666666666668,0.03027777777777778,0.0,0.03194444444444444
pdgrapher_nognn,0.0,0.0016666666666666668,0.01361111111111111,0.0,0.015277777777777777
