method,data_creation,data_processing,training,evaluation,Total
baseline,0.0,0.0,0.0,0.0,0.0
gat,0.0,0.001388888888888889,0.020277777777777777,0.0,0.021666666666666664
pdgrapher,0.0,0.0019444444444444444,0.025277777777777777,0.0,0.02722222222222222
pdgrapher_nognn,0.0,0.0019444444444444444,0.013333333333333334,0.0,0.015277777777777779
