method,data_creation,data_processing,training,evaluation,Total
baseline,0.0,0.0,0.0,0.0,0.0
gat,0.0,0.001388888888888889,0.01861111111111111,0.0,0.019999999999999997
pdgrapher,0.0,0.0016666666666666668,0.014166666666666666,0.0,0.01583333333333333
pdgrapher_nognn,0.0,0.0016666666666666668,0.010277777777777778,0.0,0.011944444444444445
