method,data_creation,data_processing,training,evaluation,Total
baseline,0.0,0.0,0.0,0.0,0.0
gat,0.0,0.0019444444444444444,0.019444444444444445,0.0,0.021388888888888888
pdgrapher,0.0,0.0019444444444444444,0.03333333333333333,0.0,0.035277777777777776
pdgrapher_nognn,0.0,0.0022222222222222222,0.015555555555555555,0.0,0.017777777777777778
