method,data_creation,data_processing,training,evaluation,Total
baseline,0.0,0.0,0.0,0.0,0.0
gat,0.0,0.013055555555555556,0.9027777777777778,0.0,0.9158333333333334
pdgrapher,0.0,0.0033333333333333335,2.923888888888889,0.0,2.9272222222222224
pdgrapher_nognn,0.0,0.0033333333333333335,0.9180555555555555,0.0,0.9213888888888888
