method,data_creation,data_processing,training,evaluation,Total
baseline,0.0,0.0,0.0,0.0,0.0
gat,0.0,0.008611111111111111,0.8416666666666667,0.0,0.8502777777777778
pdgrapher,0.0,0.0016666666666666668,2.9669444444444446,0.0,2.968611111111111
pdgrapher_nognn,0.0,0.0016666666666666668,1.0969444444444445,0.0,1.0986111111111112
