method,data_creation,data_processing,training,evaluation,Total
baseline,0.0,0.0,0.0,0.0,0.0
gat,0.0,0.005833333333333334,0.9569444444444445,0.0,0.9627777777777778
pdgrapher,0.0,0.005,2.8269444444444445,0.0,2.8319444444444444
pdgrapher_nognn,0.0,0.005277777777777778,0.9161111111111111,0.0,0.9213888888888889
