method,data_creation,data_processing,training,evaluation,Total
baseline,0.0,0.0,0.0,0.0,0.0
gat,0.0,0.0025,0.24916666666666668,0.0,0.25166666666666665
pdgrapher,0.0,0.007222222222222222,0.3672222222222222,0.0,0.37444444444444447
pdgrapher_nognn,0.0,0.007222222222222222,0.13111111111111112,0.0,0.13833333333333334
