method,data_creation,data_processing,training,evaluation,Total
baseline,0.0,0.0,0.0,0.0,0.0
gat,0.0,0.06333333333333334,0.885,0.0,0.9483333333333334
pdgrapher,0.0,0.10111111111111111,1.0888888888888888,0.0,1.19
pdgrapher_nognn,0.0,0.10111111111111111,0.7638888888888888,0.0,0.865
