method,data_creation,data_processing,training,evaluation,Total
baseline,0.0,0.0,0.0,0.0,0.0
gat,0.0,0.011666666666666667,0.5630555555555555,0.0,0.5747222222222222
pdgrapher,0.0,0.0033333333333333335,1.106111111111111,0.0,1.1094444444444445
pdgrapher_nognn,0.0,0.0038888888888888888,0.5366666666666666,0.0,0.5405555555555556
