method,data_creation,data_processing,training,evaluation,Total
baseline,0.0,0.0,0.0,0.0,0.0
gat,0.0,0.021666666666666667,0.0,0.0,0.021666666666666667
pdgrapher,0.0,0.04666666666666667,0.1875,0.0,0.23416666666666666
pdgrapher_nognn,0.0,0.04111111111111111,0.10416666666666667,0.0,0.14527777777777778
