method,data_creation,data_processing,training,evaluation,Total
baseline,0.0,0.0,0.0,0.0,0.0
gat,0.0,0.002777777777777778,0.9208333333333333,0.0,0.923611111111111
pdgrapher,0.0,0.006388888888888889,0.5158333333333334,0.0,0.5222222222222223
pdgrapher_nognn,0.0,0.005833333333333334,0.1461111111111111,0.0,0.15194444444444444
