method,data_creation,data_processing,training,evaluation,Total
baseline,0.0,0.0,0.0,0.0,0.0
gat,0.0,0.0022222222222222222,2.1552777777777776,0.0,2.1574999999999998
pdgrapher,0.0,0.005,0.31916666666666665,0.0,0.32416666666666666
pdgrapher_nognn,0.0,0.005277777777777778,0.105,0.0,0.11027777777777778
