method,data_creation,data_processing,training,evaluation,Total
baseline,0.0,0.0,0.0,0.0,0.0
gat,0.0,0.012777777777777779,0.34555555555555556,0.0,0.35833333333333334
pdgrapher,0.0,0.020555555555555556,0.19611111111111112,0.0,0.21666666666666667
pdgrapher_nognn,0.0,0.020555555555555556,0.10333333333333333,0.0,0.12388888888888888
