method,data_creation,data_processing,training,evaluation,Total
baseline,0.0,0.0,0.0,0.0,0.0
gat,0.0,0.0016666666666666668,0.17305555555555555,0.0,0.17472222222222222
pdgrapher,0.0,0.001388888888888889,0.19555555555555557,0.0,0.19694444444444445
pdgrapher_nognn,0.0,0.001388888888888889,0.0825,0.0,0.08388888888888889
