method,data_creation,data_processing,training,evaluation,Total
baseline,0.0,0.0,0.0,0.0,0.0
gat,0.0,0.0025,0.26944444444444443,0.0,0.27194444444444443
pdgrapher,0.0,0.001388888888888889,0.17194444444444446,0.0,0.17333333333333334
pdgrapher_nognn,0.0,0.001388888888888889,0.09083333333333334,0.0,0.09222222222222222
