method,data_creation,data_processing,training,evaluation,Total
baseline,0.0,0.0,0.0,0.0,0.0
gat,0.0,0.0016666666666666668,0.1786111111111111,0.0,0.1802777777777778
pdgrapher,0.0,0.0016666666666666668,0.17444444444444446,0.0,0.17611111111111113
pdgrapher_nognn,0.0,0.0016666666666666668,0.09333333333333334,0.0,0.095
