method,data_creation,data_processing,training,evaluation,Total
baseline,0.0,0.0,0.0,0.0,0.0
gat,0.0,0.005,0.2536111111111111,0.0,0.2586111111111111
pdgrapher,0.0,0.0019444444444444444,0.19527777777777777,0.0,0.19722222222222222
pdgrapher_nognn,0.0,0.0019444444444444444,0.08083333333333333,0.0,0.08277777777777777
