method,data_creation,data_processing,training,evaluation,Total
baseline,0.0,0.0,0.0,0.0,0.0
gat,0.0,0.0025,0.0,0.0,0.0025
pdgrapher,0.0,0.0016666666666666668,0.18638888888888888,0.0,0.18805555555555556
pdgrapher_nognn,0.0,0.0016666666666666668,0.09388888888888888,0.0,0.09555555555555555
