method,data_creation,data_processing,training,evaluation,Total
baseline,0.0,0.0,0.0,0.0,0.0
gat,0.0,0.0016666666666666668,0.0,0.0,0.0016666666666666668
pdgrapher,0.0,0.001388888888888889,0.18833333333333332,0.0,0.1897222222222222
pdgrapher_nognn,0.0,0.0016666666666666668,0.08972222222222222,0.0,0.09138888888888888
