method,data_creation,data_processing,training,evaluation,Total
baseline,0.0,0.0,0.0,0.0,0.0
gat,0.0,0.0025,0.0,0.0,0.0025
pdgrapher,0.0,0.001388888888888889,0.40555555555555556,0.0,0.40694444444444444
pdgrapher_nognn,0.0,0.0016666666666666668,0.07194444444444445,0.0,0.07361111111111111
