method,data_creation,data_processing,training,evaluation,Total
baseline,0.0,0.0,0.0,0.0,0.0
gat,0.0,0.0016666666666666668,0.0,0.0,0.0016666666666666668
pdgrapher,0.0,0.0016666666666666668,0.24583333333333332,0.0,0.2475
pdgrapher_nognn,0.0,0.0016666666666666668,0.09527777777777778,0.0,0.09694444444444444
