method,data_creation,data_processing,training,evaluation,Total
baseline,0.0,0.0,0.0,0.0,0.0
gat,0.0,0.001388888888888889,0.0,0.0,0.001388888888888889
pdgrapher,0.0,0.0019444444444444444,0.18388888888888888,0.0,0.18583333333333332
pdgrapher_nognn,0.0,0.0019444444444444444,0.08888888888888889,0.0,0.09083333333333334
