method,data_creation,data_processing,training,evaluation,Total
baseline,0.0,0.0,0.0,0.0,0.0
gat,0.0,0.001388888888888889,0.11166666666666666,0.0,0.11305555555555555
pdgrapher,0.0,0.0019444444444444444,0.23583333333333334,0.0,0.23777777777777778
pdgrapher_nognn,0.0,0.0019444444444444444,0.045,0.0,0.04694444444444444
