method,data_creation,data_processing,training,evaluation,Total
baseline,0.0,0.0,0.0,0.0,0.0
gat,0.0,0.010277777777777778,0.2127777777777778,0.0,0.22305555555555556
pdgrapher,0.0,0.008333333333333333,0.20527777777777778,0.0,0.2136111111111111
pdgrapher_nognn,0.0,0.006666666666666667,0.07055555555555555,0.0,0.07722222222222222
