method,data_creation,data_processing,training,evaluation,Total
baseline,0.0,0.0,0.0,0.0,0.0
gat,0.0,0.0022222222222222222,0.07083333333333333,0.0,0.07305555555555555
pdgrapher,0.0,0.0022222222222222222,0.11805555555555555,0.0,0.12027777777777778
pdgrapher_nognn,0.0,0.0022222222222222222,0.024722222222222222,0.0,0.026944444444444444
