method,data_creation,data_processing,training,evaluation,Total
baseline,0.0,0.0,0.0,0.0,0.0
gat,0.0,0.001388888888888889,0.1063888888888889,0.0,0.10777777777777778
pdgrapher,0.0,0.001388888888888889,0.10444444444444445,0.0,0.10583333333333333
pdgrapher_nognn,0.0,0.0022222222222222222,0.018333333333333333,0.0,0.020555555555555556
