method,data_creation,data_processing,training,evaluation,Total
baseline,0.0,0.0,0.0,0.0,0.0
gat,0.0,0.009166666666666667,0.08055555555555556,0.0,0.08972222222222223
pdgrapher,0.0,0.004722222222222222,0.11416666666666667,0.0,0.11888888888888889
pdgrapher_nognn,0.0,0.006666666666666667,0.01861111111111111,0.0,0.025277777777777777
triple_comparison,0.0,0.0,0.0,0.0,0.0
