method,data_creation,data_processing,training,evaluation,Total
baseline,0.0,0.0,0.0,0.0,0.0
gat,0.0,0.0011111111111111111,0.016944444444444446,0.0,0.018055555555555557
pdgrapher,0.0,0.0016666666666666668,0.021666666666666667,0.0,0.023333333333333334
pdgrapher_nognn,0.0,0.0016666666666666668,0.010555555555555556,0.0,0.012222222222222223
