method,data_creation,data_processing,training,evaluation,Total
baseline,0.0,0.0,0.0,0.0,0.0
gat,0.0,0.001388888888888889,0.016944444444444446,0.0,0.018333333333333333
pdgrapher,0.0,0.001388888888888889,0.0275,0.0,0.028888888888888888
pdgrapher_nognn,0.0,0.001388888888888889,0.008055555555555555,0.0,0.009444444444444445
