method,data_creation,data_processing,training,evaluation,Total
baseline,0.0,0.0,0.0,0.0,0.0
gat,0.0,0.0011111111111111111,0.015833333333333335,0.0,0.016944444444444446
pdgrapher,0.0,0.001388888888888889,0.019166666666666665,0.0,0.020555555555555553
pdgrapher_nognn,0.0,0.004166666666666667,0.011111111111111112,0.0,0.015277777777777779
