method,data_creation,data_processing,training,evaluation,Total
baseline,0.0,0.0,0.0,0.0,0.0
gat,0.0,0.0016666666666666668,0.023055555555555555,0.0,0.024722222222222222
pdgrapher,0.0,0.0016666666666666668,0.01638888888888889,0.0,0.018055555555555557
pdgrapher_nognn,0.0,0.0016666666666666668,0.010277777777777778,0.0,0.011944444444444445
