method,data_creation,data_processing,training,evaluation,Total
baseline,0.0,0.0,0.0,0.0,0.0
gat,0.0,0.0019444444444444444,0.01888888888888889,0.0,0.020833333333333332
pdgrapher,0.0,0.0019444444444444444,0.014722222222222222,0.0,0.016666666666666666
pdgrapher_nognn,0.0,0.0022222222222222222,0.009444444444444445,0.0,0.011666666666666667
