method,data_creation,data_processing,training,evaluation,Total
baseline,0.0,0.0,0.0,0.0,0.0
gat,0.0,0.0077777777777777776,0.5830555555555555,0.0,0.5908333333333333
pdgrapher,0.0,0.0019444444444444444,2.3305555555555557,0.0,2.3325
pdgrapher_nognn,0.0,0.0019444444444444444,0.6425,0.0,0.6444444444444444
