method,data_creation,data_processing,training,evaluation,Total
baseline,0.0,0.0,0.0,0.0,0.0
gat,0.0,0.008611111111111111,0.5663888888888889,0.0,0.5750000000000001
pdgrapher,0.0,0.0025,4.025,0.0,4.027500000000001
pdgrapher_nognn,0.0,0.0019444444444444444,0.7536111111111111,0.0,0.7555555555555555
