method,data_creation,data_processing,training,evaluation,Total
baseline,0.0,0.0,0.0,0.0,0.0
gat,0.0,0.0075,1.4927777777777778,0.0,1.5002777777777778
pdgrapher,0.0,0.0019444444444444444,3.7841666666666667,0.0,3.786111111111111
pdgrapher_nognn,0.0,0.0019444444444444444,0.7305555555555555,0.0,0.7324999999999999
