method,data_creation,data_processing,training,evaluation,Total
baseline,0.0,0.0,0.0,0.0,0.0
gat,0.0,0.0022222222222222222,0.5716666666666667,0.0,0.5738888888888889
pdgrapher,0.0,0.0016666666666666668,2.3202777777777777,0.0,2.321944444444444
pdgrapher_nognn,0.0,0.0016666666666666668,0.33,0.0,0.33166666666666667
