method,data_creation,data_processing,training,evaluation,Total
baseline,0.0,0.0,0.0,0.0,0.0
gat,0.0,0.0775,1.7094444444444445,0.0,1.7869444444444444
pdgrapher,0.0,0.10222222222222223,2.9405555555555556,0.0,3.042777777777778
pdgrapher_nognn,0.0,0.11138888888888888,0.8394444444444444,0.0,0.9508333333333333
