method,data_creation,data_processing,training,evaluation,Total
baseline,0.0,0.0,0.0,0.0,0.0
gat,0.0,0.018055555555555554,0.0,0.0,0.018055555555555554
pdgrapher,0.0,0.021944444444444444,0.0030555555555555557,0.0,0.024999999999999998
pdgrapher_nognn,0.0,0.025277777777777777,0.10527777777777778,0.0,0.13055555555555556
