method,data_creation,data_processing,training,evaluation,Total
baseline,0.0,0.0,0.0,0.0,0.0
gat,0.0,0.017222222222222222,0.36916666666666664,0.0,0.3863888888888889
pdgrapher,0.0,0.03222222222222222,0.24555555555555555,0.0,0.2777777777777778
pdgrapher_nognn,0.0,0.030833333333333334,0.10888888888888888,0.0,0.13972222222222222
