method,data_creation,data_processing,training,evaluation,Total
baseline,0.0,0.0,0.0,0.0,0.0
gat,0.0,0.0025,0.42527777777777775,0.0,0.42777777777777776
pdgrapher,0.0,0.0016666666666666668,0.18194444444444444,0.0,0.1836111111111111
pdgrapher_nognn,0.0,0.0016666666666666668,0.09888888888888889,0.0,0.10055555555555555
