method,data_creation,data_processing,training,evaluation,Total
baseline,0.0,0.0,0.0,0.0,0.0
gat,0.0,0.0033333333333333335,0.3933333333333333,0.0,0.39666666666666667
pdgrapher,0.0,0.0022222222222222222,0.17416666666666666,0.0,0.17638888888888887
pdgrapher_nognn,0.0,0.0022222222222222222,0.11777777777777777,0.0,0.12
