method,data_creation,data_processing,training,evaluation,Total
baseline,0.0,0.0,0.0,0.0,0.0
gat,0.0,0.001388888888888889,0.3836111111111111,0.0,0.385
pdgrapher,0.0,0.0016666666666666668,0.2697222222222222,0.0,0.27138888888888885
pdgrapher_nognn,0.0,0.001388888888888889,0.1213888888888889,0.0,0.12277777777777778
