method,data_creation,data_processing,training,evaluation,Total
baseline,0.0,0.0,0.0,0.0,0.0
gat,0.0,0.08083333333333333,0.6597222222222222,0.0,0.7405555555555555
pdgrapher,0.0,0.1063888888888889,2.4930555555555554,0.0,2.5994444444444444
pdgrapher_nognn,0.0,0.10555555555555556,0.7436111111111111,0.0,0.8491666666666666
