method,data_creation,data_processing,training,evaluation,Total
baseline,0.0,0.0,0.0,0.0,0.0
gat,0.0,0.010277777777777778,0.43027777777777776,0.0,0.44055555555555553
pdgrapher,0.0,0.0022222222222222222,2.499722222222222,0.0,2.5019444444444443
pdgrapher_nognn,0.0,0.0019444444444444444,0.6308333333333334,0.0,0.6327777777777778
