method,data_creation,data_processing,training,evaluation,Total
baseline,0.0,0.0,0.0,0.0,0.0
gat,0.0,0.0030555555555555557,0.49805555555555553,0.0,0.5011111111111111
pdgrapher,0.0,0.0019444444444444444,1.7447222222222223,0.0,1.7466666666666668
pdgrapher_nognn,0.0,0.0019444444444444444,0.6655555555555556,0.0,0.6675
