method,data_creation,data_processing,training,evaluation,Total
baseline,0.0,0.0,0.0,0.0,0.0
gat,0.0,0.002777777777777778,0.5741666666666667,0.0,0.5769444444444445
pdgrapher,0.0,0.0022222222222222222,3.3680555555555554,0.0,3.3702777777777775
pdgrapher_nognn,0.0,0.0022222222222222222,0.6997222222222222,0.0,0.7019444444444445
