method,data_creation,data_processing,training,evaluation,Total
baseline,0.0,0.0,0.0,0.0,0.0
gat,0.0,0.002777777777777778,0.6197222222222222,0.0,0.6224999999999999
pdgrapher,0.0,0.0022222222222222222,3.8208333333333333,0.0,3.8230555555555554
pdgrapher_nognn,0.0,0.0022222222222222222,0.8052777777777778,0.0,0.8075
