method,data_creation,data_processing,training,evaluation,Total
gat,0.0,0.012222222222222223,1.0891666666666666,0.0,1.1013888888888888
pdgrapher,0.0,0.0025,6.0055555555555555,0.0,6.008055555555556
pdgrapher_nognn,0.0,0.0025,0.9702777777777778,0.0,0.9727777777777777
triple_comparison,0.0,0.0,0.0,0.0,0.0
