method,data_creation,data_processing,training,evaluation,Total
gat,0.0,0.0961111111111111,1.4419444444444445,0.0,1.5380555555555555
pdgrapher,0.0,0.18,3.9305555555555554,0.0,4.110555555555555
pdgrapher_nognn,0.0,0.18,1.2302777777777778,0.0,1.4102777777777777
