method,data_creation,data_processing,training,evaluation,Total
gat,0.0,0.013055555555555556,1.2261111111111112,0.0,1.2391666666666667
pdgrapher,0.0,0.0033333333333333335,2.7416666666666667,0.0,2.745
pdgrapher_nognn,0.0,0.0033333333333333335,0.6747222222222222,0.0,0.6780555555555555
