method,data_creation,data_processing,training,evaluation,Total
gat,0.0,0.009722222222222222,1.5552777777777778,0.0,1.565
pdgrapher,0.0,0.0033333333333333335,5.4475,0.0,5.450833333333333
pdgrapher_nognn,0.0,0.0019444444444444444,1.3244444444444445,0.0,1.326388888888889
