method,data_creation,data_processing,training,evaluation,Total
baseline,0.0,0.0,0.0,0.0,0.0
gat,0.0,0.0125,0.8163888888888889,0.0,0.8288888888888889
pdgrapher,0.0,0.0019444444444444444,3.7602777777777776,0.0,3.762222222222222
pdgrapher_nognn,0.0,0.0022222222222222222,1.0441666666666667,0.0,1.0463888888888888
