method,data_creation,data_processing,training,evaluation,Total
gat,0.0,0.008611111111111111,0.8672222222222222,0.0,0.8758333333333334
pdgrapher,0.0,0.0016666666666666668,3.1777777777777776,0.0,3.179444444444444
pdgrapher_nognn,0.0,0.0022222222222222222,0.8069444444444445,0.0,0.8091666666666667
