method,data_creation,data_processing,training,evaluation,Total
gat,0.0,0.009166666666666667,0.9513888888888888,0.0,0.9605555555555555
pdgrapher,0.0,0.0019444444444444444,3.203333333333333,0.0,3.2052777777777774
pdgrapher_nognn,0.0,0.0022222222222222222,0.8152777777777778,0.0,0.8175
