method,data_creation,data_processing,training,evaluation,Total
gat,0.0,0.008611111111111111,0.8047222222222222,0.0,0.8133333333333334
pdgrapher,0.0,0.0016666666666666668,0.0033333333333333335,0.0,0.005
pdgrapher_nognn,0.0,0.0022222222222222222,0.0030555555555555557,0.0,0.005277777777777778
