method,data_creation,data_processing,training,evaluation,Total
gat,0.0,0.006388888888888889,0.7575,0.0,0.7638888888888888
pdgrapher,0.0,0.0016666666666666668,2.0122222222222224,0.0,2.013888888888889
pdgrapher_nognn,0.0,0.0016666666666666668,0.5386111111111112,0.0,0.5402777777777779
