method,data_creation,data_processing,training,evaluation,Total
gat,0.0,0.04888888888888889,1.1033333333333333,0.0,1.1522222222222223
pdgrapher,0.0,0.12166666666666667,1.903888888888889,0.0,2.0255555555555556
pdgrapher_nognn,0.0,0.11305555555555556,0.6380555555555556,0.0,0.7511111111111112
