method,data_creation,data_processing,training,evaluation,Total
gat,0.0,0.006666666666666667,0.7966666666666666,0.0,0.8033333333333333
pdgrapher,0.0,0.003611111111111111,2.351111111111111,0.0,2.354722222222222
pdgrapher_nognn,0.0,0.0019444444444444444,0.8972222222222223,0.0,0.8991666666666667
