method,data_creation,data_processing,training,evaluation,Total
gat,0.0,0.002777777777777778,0.7961111111111111,0.0,0.7988888888888889
pdgrapher,0.0,0.002777777777777778,2.2222222222222223,0.0,2.225
pdgrapher_nognn,0.0,0.002777777777777778,1.0858333333333334,0.0,1.0886111111111112
