method,data_creation,data_processing,training,evaluation,Total
baseline,0.0,0.0,0.0,0.0,0.0
gat,0.0,0.001388888888888889,0.48138888888888887,0.0,0.48277777777777775
pdgrapher,0.0,0.004722222222222222,0.16361111111111112,0.0,0.16833333333333333
pdgrapher_nognn,0.0,0.0044444444444444444,0.07722222222222222,0.0,0.08166666666666667
