method,data_creation,data_processing,training,evaluation,Total
baseline,0.0,0.0,0.0,0.0,0.0
gat,0.0,0.0025,0.32222222222222224,0.0,0.32472222222222225
pdgrapher,0.0,0.0033333333333333335,0.05361111111111111,0.0,0.05694444444444444
pdgrapher_nognn,0.0,0.0022222222222222222,0.021666666666666667,0.0,0.02388888888888889
