method,data_creation,data_processing,training,evaluation,Total
baseline,0.0,0.0,0.0,0.0,0.0
gat,0.0,0.0016666666666666668,0.0,0.0,0.0016666666666666668
pdgrapher,0.0,0.0016666666666666668,0.1836111111111111,0.0,0.1852777777777778
pdgrapher_nognn,0.0,0.004166666666666667,0.11472222222222223,0.0,0.11888888888888889
