method,data_creation,data_processing,training,evaluation,Total
baseline,0.0,0.0,0.0,0.0,0.0
gat,0.0,0.001388888888888889,0.0,0.0,0.001388888888888889
pdgrapher,0.0,0.001388888888888889,0.25583333333333336,0.0,0.25722222222222224
pdgrapher_nognn,0.0,0.001388888888888889,0.08888888888888889,0.0,0.09027777777777778
