method,data_creation,data_processing,training,evaluation,Total
baseline,0.0,0.0,0.0,0.0,0.0
gat,0.0,0.009722222222222222,0.025,0.0,0.034722222222222224
pdgrapher,0.0,0.0044444444444444444,0.02361111111111111,0.0,0.028055555555555556
pdgrapher_nognn,0.0,0.0044444444444444444,0.013888888888888888,0.0,0.018333333333333333
