method,data_creation,data_processing,training,evaluation,Total
baseline,0.0,0.0,0.0,0.0,0.0
gat,0.0,0.0030555555555555557,0.05305555555555556,0.0,0.05611111111111111
pdgrapher,0.0,0.005,0.04388888888888889,0.0,0.048888888888888885
pdgrapher_nognn,0.0,0.005,0.014444444444444444,0.0,0.019444444444444445
