method,data_creation,data_processing,training,evaluation,Total
baseline,0.0,0.0,0.0,0.0,0.0
gat,0.0,0.001388888888888889,0.06694444444444445,0.0,0.06833333333333333
pdgrapher,0.0,0.0019444444444444444,0.028333333333333332,0.0,0.030277777777777775
pdgrapher_nognn,0.0,0.0019444444444444444,0.014444444444444444,0.0,0.016388888888888887
