method,data_creation,data_processing,training,evaluation,Total
baseline,0.0,0.0,0.0,0.0,0.0
gat,0.0,0.0019444444444444444,0.051666666666666666,0.0,0.05361111111111111
pdgrapher,0.0,0.0019444444444444444,0.034444444444444444,0.0,0.03638888888888889
pdgrapher_nognn,0.0,0.0016666666666666668,0.016666666666666666,0.0,0.018333333333333333
