method,data_creation,data_processing,training,evaluation,Total
baseline,0.0,0.0,0.0,0.0,0.0
gat,0.0,0.0016666666666666668,0.056666666666666664,0.0,0.05833333333333333
pdgrapher,0.0,0.0016666666666666668,0.035,0.0,0.03666666666666667
pdgrapher_nognn,0.0,0.0016666666666666668,0.01861111111111111,0.0,0.020277777777777777
