method,data_creation,data_processing,training,evaluation,Total
baseline,0.0,0.0,0.0,0.0,0.0
gat,0.0,0.01,0.0525,0.0,0.0625
pdgrapher,0.0,0.005277777777777778,0.0425,0.0,0.04777777777777778
pdgrapher_nognn,0.0,0.005833333333333334,0.021666666666666667,0.0,0.0275
