method,data_creation,data_processing,training,evaluation,Total
baseline,0.0,0.0,0.0,0.0,0.0
gat,0.0,0.0016666666666666668,0.015833333333333335,0.0,0.0175
pdgrapher,0.0,0.0016666666666666668,0.042222222222222223,0.0,0.04388888888888889
pdgrapher_nognn,0.0,0.0016666666666666668,0.0225,0.0,0.024166666666666666
