method,data_creation,data_processing,training,evaluation,Total
baseline,0.0,0.0,0.0,0.0,0.0
gat,0.0,0.0016666666666666668,0.016666666666666666,0.0,0.018333333333333333
pdgrapher,0.0,0.0016666666666666668,0.028055555555555556,0.0,0.029722222222222223
pdgrapher_nognn,0.0,0.0016666666666666668,0.022222222222222223,0.0,0.02388888888888889
