method,data_creation,data_processing,training,evaluation,Total
baseline,0.0,0.0,0.0,0.0,0.0
gat,0.0,0.011111111111111112,0.018055555555555554,0.0,0.029166666666666667
pdgrapher,0.0,0.005555555555555556,0.0425,0.0,0.04805555555555556
pdgrapher_nognn,0.0,0.006944444444444444,0.016944444444444446,0.0,0.02388888888888889
