method,data_creation,data_processing,training,evaluation,Total
baseline,0.0,0.0,0.0,0.0,0.0
gat,0.0,0.0016666666666666668,0.015555555555555555,0.0,0.017222222222222222
pdgrapher,0.0,0.0016666666666666668,0.027777777777777776,0.0,0.029444444444444443
pdgrapher_nognn,0.0,0.0016666666666666668,0.014444444444444444,0.0,0.01611111111111111
