method,data_creation,data_processing,training,evaluation,Total
baseline,0.0,0.0,0.0,0.0,0.0
gat,0.0,0.0016666666666666668,0.3497222222222222,0.0,0.35138888888888886
pdgrapher,0.0,0.0022222222222222222,0.03388888888888889,0.0,0.036111111111111115
pdgrapher_nognn,0.0,0.0022222222222222222,0.03,0.0,0.03222222222222222
