method,data_creation,data_processing,training,evaluation,Total
baseline,0.0,0.0,0.0,0.0,0.0
gat,0.0,0.0019444444444444444,0.665,0.0,0.6669444444444445
pdgrapher,0.0,0.0016666666666666668,2.3041666666666667,0.0,2.305833333333333
pdgrapher_nognn,0.0,0.0016666666666666668,0.5044444444444445,0.0,0.5061111111111112
