method,data_creation,data_processing,training,evaluation,Total
gat,0.0,0.0019444444444444444,0.7733333333333333,0.0,0.7752777777777777
pdgrapher,0.0,0.002777777777777778,2.3827777777777777,0.0,2.3855555555555554
pdgrapher_nognn,0.0,0.002777777777777778,0.7722222222222223,0.0,0.775
