method,data_creation,data_processing,training,evaluation,Total
baseline,0.0,0.0,0.0,0.0,0.0
gat,0.0,0.0016666666666666668,0.0,0.0,0.0016666666666666668
pdgrapher,0.0,0.0016666666666666668,0.17972222222222223,0.0,0.1813888888888889
pdgrapher_nognn,0.0,0.002777777777777778,0.20277777777777778,0.0,0.20555555555555555
