method,data_creation,data_processing,training,evaluation,Total
gat,0.0,0.010833333333333334,1.2955555555555556,0.0,1.3063888888888888
pdgrapher,0.0,0.0025,2.231388888888889,0.0,2.233888888888889
pdgrapher_nognn,0.0,0.0025,0.945,0.0,0.9474999999999999
