method,data_creation,data_processing,training,evaluation,Total
gat,0.0,0.01,3.171666666666667,0.0,3.1816666666666666
pdgrapher,0.0,0.0016666666666666668,2.5677777777777777,0.0,2.569444444444444
pdgrapher_nognn,0.0,0.0016666666666666668,1.0425,0.0,1.0441666666666667
