method,data_creation,data_processing,training,evaluation,Total
baseline,0.0,0.0,0.0,0.0,0.0
gat,0.0,0.006666666666666667,0.7591666666666667,0.0,0.7658333333333334
pdgrapher,0.0,0.0016666666666666668,2.94,0.0,2.9416666666666664
pdgrapher_nognn,0.0,0.0016666666666666668,0.8930555555555556,0.0,0.8947222222222223
