method,data_creation,data_processing,training,evaluation,Total
baseline,0.0,0.0,0.0,0.0,0.0
gat,0.0,0.001388888888888889,0.4058333333333333,0.0,0.4072222222222222
pdgrapher,0.0,0.0025,0.2569444444444444,0.0,0.2594444444444444
pdgrapher_nognn,0.0,0.0025,0.03138888888888889,0.0,0.03388888888888889
triple_comparison,0.0,0.0,0.0,0.0,0.0
