method,data_creation,data_processing,training,evaluation,Total
baseline,0.0,0.0,0.0,0.0,0.0
gat,0.0,0.01361111111111111,0.37,0.0,0.3836111111111111
pdgrapher,0.0,0.018055555555555554,0.15888888888888889,0.0,0.17694444444444443
pdgrapher_nognn,0.0,0.019166666666666665,0.07416666666666667,0.0,0.09333333333333334
