method,data_creation,data_processing,training,evaluation,Total
baseline,0.0,0.0,0.0,0.0,0.0
gat,0.0,0.0016666666666666668,0.1597222222222222,0.0,0.1613888888888889
pdgrapher,0.0,0.0019444444444444444,0.26416666666666666,0.0,0.26611111111111113
pdgrapher_nognn,0.0,0.001388888888888889,0.12527777777777777,0.0,0.12666666666666665
