method,data_creation,data_processing,training,evaluation,Total
baseline,0.0,0.0,0.0,0.0,0.0
gat,0.0,0.0016666666666666668,0.27666666666666667,0.0,0.2783333333333333
pdgrapher,0.0,0.0016666666666666668,0.19583333333333333,0.0,0.1975
pdgrapher_nognn,0.0,0.0016666666666666668,0.06472222222222222,0.0,0.06638888888888889
