method,data_creation,data_processing,training,evaluation,Total
baseline,0.0,0.0,0.0,0.0,0.0
gat,0.0,0.004722222222222222,0.34944444444444445,0.0,0.3541666666666667
pdgrapher,0.0,0.004722222222222222,0.17222222222222222,0.0,0.17694444444444443
pdgrapher_nognn,0.0,0.004722222222222222,0.08694444444444445,0.0,0.09166666666666667
