method,data_creation,data_processing,training,evaluation,Total
baseline,0.0,0.0,0.0,0.0,0.0
gat,0.0,0.001388888888888889,0.3036111111111111,0.0,0.305
pdgrapher,0.0,0.0019444444444444444,0.17555555555555555,0.0,0.1775
pdgrapher_nognn,0.0,0.0019444444444444444,0.09638888888888889,0.0,0.09833333333333333
