method,data_creation,data_processing,training,evaluation,Total
baseline,0.0,0.0,0.0,0.0,0.0
gat,0.0,0.001388888888888889,0.0,0.0,0.001388888888888889
pdgrapher,0.0,0.001388888888888889,0.07083333333333333,0.0,0.07222222222222222
pdgrapher_nognn,0.0,0.001388888888888889,0.041944444444444444,0.0,0.043333333333333335
