method,data_creation,data_processing,training,evaluation,Total
baseline,0.0,0.0,0.0,0.0,0.0
gat,0.0,0.0019444444444444444,0.0,0.0,0.0019444444444444444
pdgrapher,0.0,0.0019444444444444444,0.07666666666666666,0.0,0.0786111111111111
pdgrapher_nognn,0.0,0.0019444444444444444,0.034166666666666665,0.0,0.03611111111111111
