method,data_creation,data_processing,training,evaluation,Total
baseline,0.0,0.0,0.0,0.0,0.0
gat,0.0,0.0016666666666666668,0.0,0.0,0.0016666666666666668
pdgrapher,0.0,0.001388888888888889,0.07055555555555555,0.0,0.07194444444444444
pdgrapher_nognn,0.0,0.0019444444444444444,0.035555555555555556,0.0,0.0375
