method,data_creation,data_processing,training,evaluation,Total
baseline,0.0,0.0,0.0,0.0,0.0
gat,0.0,0.012222222222222223,1.4172222222222222,0.0,1.4294444444444443
pdgrapher,0.0,0.0025,3.0805555555555557,0.0,3.0830555555555557
pdgrapher_nognn,0.0,0.0025,0.8661111111111112,0.0,0.8686111111111111
