method,data_creation,data_processing,training,evaluation,Total
baseline,0.0,0.0,0.0,0.0,0.0
gat,0.0,0.012222222222222223,0.9225,0.0,0.9347222222222222
pdgrapher,0.0,0.003611111111111111,2.8202777777777777,0.0,2.823888888888889
pdgrapher_nognn,0.0,0.0038888888888888888,0.7355555555555555,0.0,0.7394444444444445
