method,data_creation,data_processing,training,evaluation,Total
gat,0.0,0.08555555555555555,1.0,0.0,1.0855555555555556
pdgrapher,0.0,0.17222222222222222,2.4966666666666666,0.0,2.6688888888888886
pdgrapher_nognn,0.0,0.17222222222222222,1.126111111111111,0.0,1.2983333333333333
