method,data_creation,data_processing,training,evaluation,Total
baseline,0.0,0.0,0.0,0.0,0.0
gat,0.0,0.01138888888888889,0.9088888888888889,0.0,0.9202777777777778
pdgrapher,0.0,0.0019444444444444444,2.8575,0.0,2.8594444444444442
pdgrapher_nognn,0.0,0.0019444444444444444,1.0161111111111112,0.0,1.0180555555555557
