method,data_creation,data_processing,training,evaluation,Total
baseline,0.0,0.0,0.0,0.0,0.0
gat,0.0,0.020277777777777777,0.33694444444444444,0.0,0.3572222222222222
pdgrapher,0.0,0.034722222222222224,0.19611111111111112,0.0,0.23083333333333333
pdgrapher_nognn,0.0,0.034166666666666665,0.1361111111111111,0.0,0.17027777777777775
