method,data_creation,data_processing,training,evaluation,Total
baseline,0.0,0.0,0.0,0.0,0.0
gat,0.0,0.05305555555555556,0.8869444444444444,0.0,0.94
pdgrapher,0.0,0.13333333333333333,3.049722222222222,0.0,3.1830555555555553
pdgrapher_nognn,0.0,0.13305555555555557,2.037777777777778,0.0,2.1708333333333334
