method,data_creation,data_processing,training,evaluation,Total
baseline,0.0,0.0,0.0,0.0,0.0
gat,0.0,0.009722222222222222,0.02361111111111111,0.0,0.03333333333333333
pdgrapher,0.0,0.004166666666666667,0.08194444444444444,0.0,0.08611111111111111
pdgrapher_nognn,0.0,0.004166666666666667,0.01611111111111111,0.0,0.020277777777777777
