method,data_creation,data_processing,training,evaluation,Total
baseline,0.0,0.0,0.0,0.0,0.0
gat,0.0,0.021666666666666667,0.4280555555555556,0.0,0.44972222222222225
pdgrapher,0.0,0.03611111111111111,0.17166666666666666,0.0,0.20777777777777778
pdgrapher_nognn,0.0,0.03333333333333333,0.10555555555555556,0.0,0.1388888888888889
