method,data_creation,data_processing,training,evaluation,Total
baseline,0.0,0.0,0.0,0.0,0.0
gat,0.0,0.021111111111111112,0.0,0.0,0.021111111111111112
pdgrapher,0.0,0.015833333333333335,0.14944444444444444,0.0,0.16527777777777777
pdgrapher_nognn,0.0,0.015833333333333335,0.14694444444444443,0.0,0.16277777777777777
