method,data_creation,data_processing,training,evaluation,Total
baseline,0.0,0.0,0.0,0.0,0.0
gat,0.0,0.008055555555555555,0.6841666666666667,0.0,0.6922222222222223
pdgrapher,0.0,0.0019444444444444444,1.5705555555555555,0.0,1.5725
pdgrapher_nognn,0.0,0.0019444444444444444,0.535,0.0,0.5369444444444444
