method,data_creation,data_processing,training,evaluation,Total
baseline,0.0,0.0,0.0,0.0,0.0
gat,0.0,0.009444444444444445,0.8522222222222222,0.0,0.8616666666666667
pdgrapher,0.0,0.0022222222222222222,1.0405555555555555,0.0,1.0427777777777776
pdgrapher_nognn,0.0,0.0019444444444444444,0.46694444444444444,0.0,0.4688888888888889
