method,data_creation,data_processing,training,evaluation,Total
baseline,0.0,0.0,0.0,0.0,0.0
gat,0.0,0.0725,0.5377777777777778,0.0,0.6102777777777778
pdgrapher,0.0,0.12694444444444444,1.1433333333333333,0.0,1.2702777777777778
pdgrapher_nognn,0.0,0.10361111111111111,0.7852777777777777,0.0,0.8888888888888888
