method,data_creation,data_processing,training,evaluation,Total
baseline,0.0,0.0,0.0,0.0,0.0
gat,0.0,0.008888888888888889,0.5711111111111111,0.0,0.58
pdgrapher,0.0,0.0016666666666666668,0.7647222222222222,0.0,0.7663888888888889
pdgrapher_nognn,0.0,0.0016666666666666668,0.6497222222222222,0.0,0.6513888888888889
