method,data_creation,data_processing,training,evaluation,Total
baseline,0.0,0.0,0.0,0.0,0.0
gat,0.0,0.001388888888888889,0.0,0.0,0.001388888888888889
pdgrapher,0.0,0.002777777777777778,0.14444444444444443,0.0,0.1472222222222222
pdgrapher_nognn,0.0,0.0016666666666666668,0.07722222222222222,0.0,0.07888888888888888
