method,data_creation,data_processing,training,evaluation,Total
baseline,0.0,0.0,0.0,0.0,0.0
gat,0.0,0.0016666666666666668,0.0,0.0,0.0016666666666666668
pdgrapher,0.0,0.0016666666666666668,0.14527777777777778,0.0,0.14694444444444446
pdgrapher_nognn,0.0,0.0016666666666666668,0.09555555555555556,0.0,0.09722222222222222
