method,data_creation,data_processing,training,evaluation,Total
baseline,0.0,0.0,0.0,0.0,0.0
gat,0.0,0.020833333333333332,0.0,0.0,0.020833333333333332
pdgrapher,0.0,0.021666666666666667,0.14833333333333334,0.0,0.17
pdgrapher_nognn,0.0,0.021666666666666667,0.08083333333333333,0.0,0.1025
