method,data_creation,data_processing,training,evaluation,Total
baseline,0.0,0.0,0.0,0.0,0.0
gat,0.0,0.0016666666666666668,0.0,0.0,0.0016666666666666668
pdgrapher,0.0,0.0022222222222222222,0.15722222222222224,0.0,0.15944444444444444
pdgrapher_nognn,0.0,0.0016666666666666668,0.1025,0.0,0.10416666666666666
