method,data_creation,data_processing,training,evaluation,Total
baseline,0.0,0.0,0.0,0.0,0.0
gat,0.0,0.0019444444444444444,0.0,0.0,0.0019444444444444444
pdgrapher,0.0,0.0016666666666666668,0.21333333333333335,0.0,0.21500000000000002
pdgrapher_nognn,0.0,0.0016666666666666668,0.09333333333333334,0.0,0.095
