method,data_creation,data_processing,training,evaluation,Total
baseline,0.0,0.0,0.0,0.0,0.0
gat,0.0,0.001388888888888889,0.0,0.0,0.001388888888888889
pdgrapher,0.0,0.0011111111111111111,0.16055555555555556,0.0,0.16166666666666668
pdgrapher_nognn,0.0,0.0011111111111111111,0.11722222222222223,0.0,0.11833333333333333
