method,data_creation,data_processing,training,evaluation,Total
baseline,0.0,0.0,0.0,0.0,0.0
gat,0.0,0.0019444444444444444,0.0,0.0,0.0019444444444444444
pdgrapher,0.0,0.013888888888888888,0.15361111111111111,0.0,0.1675
pdgrapher_nognn,0.0,0.013888888888888888,0.09472222222222222,0.0,0.1086111111111111
