method,data_creation,data_processing,training,evaluation,Total
baseline,0.0,0.0,0.0,0.0,0.0
gat,0.0,0.0016666666666666668,0.0,0.0,0.0016666666666666668
pdgrapher,0.0,0.0016666666666666668,0.16583333333333333,0.0,0.1675
pdgrapher_nognn,0.0,0.0016666666666666668,0.10944444444444444,0.0,0.1111111111111111
