method,data_creation,data_processing,training,evaluation,Total
baseline,0.0,0.0,0.0,0.0,0.0
gat,0.0,0.002777777777777778,0.0,0.0,0.002777777777777778
pdgrapher,0.0,0.005,0.1675,0.0,0.17250000000000001
pdgrapher_nognn,0.0,0.005,0.1111111111111111,0.0,0.11611111111111111
