method,data_creation,data_processing,training,evaluation,Total
baseline,0.0,0.0,0.0,0.0,0.0
gat,0.0,0.005833333333333334,0.3686111111111111,0.0,0.37444444444444447
pdgrapher,0.0,0.0075,0.34694444444444444,0.0,0.35444444444444445
pdgrapher_nognn,0.0,0.006944444444444444,0.2325,0.0,0.23944444444444446
