method,data_creation,data_processing,training,evaluation,Total
baseline,0.0,0.0,0.0,0.0,0.0
gat,0.0,0.0016666666666666668,0.29888888888888887,0.0,0.3005555555555555
pdgrapher,0.0,0.002777777777777778,0.035,0.0,0.03777777777777778
pdgrapher_nognn,0.0,0.0025,0.021111111111111112,0.0,0.02361111111111111
