method,data_creation,data_processing,training,evaluation,Total
baseline,0.0,0.0,0.0,0.0,0.0
gat,0.0,0.001388888888888889,0.0022222222222222222,0.0,0.003611111111111111
pdgrapher,0.0,0.001388888888888889,2.4158333333333335,0.0,2.4172222222222226
pdgrapher_nognn,0.0,0.0011111111111111111,0.0022222222222222222,0.0,0.003333333333333333
