method,data_creation,data_processing,training,evaluation,Total
gat,0.0,0.020277777777777777,0.86,0.0,0.8802777777777777
pdgrapher,0.0,0.025277777777777777,3.8280555555555558,0.0,3.8533333333333335
pdgrapher_nognn,0.0,0.025555555555555557,0.6752777777777778,0.0,0.7008333333333333
