method,data_creation,data_processing,training,evaluation,Total
baseline,0.0,0.0,0.0,0.0,0.0
gat,0.0,0.0016666666666666668,0.0,0.0,0.0016666666666666668
pdgrapher,0.0,0.001388888888888889,0.17972222222222223,0.0,0.1811111111111111
pdgrapher_nognn,0.0,0.0019444444444444444,0.10361111111111111,0.0,0.10555555555555556
