method,data_creation,data_processing,training,evaluation,Total
baseline,0.0,0.0,0.0,0.0,0.0
gat,0.0,0.023055555555555555,0.3688888888888889,0.0,0.39194444444444443
pdgrapher,0.0,0.029444444444444443,0.18666666666666668,0.0,0.21611111111111111
pdgrapher_nognn,0.0,0.029444444444444443,0.13833333333333334,0.0,0.16777777777777778
