method,data_creation,data_processing,training,evaluation,Total
baseline,0.0,0.0,0.0,0.0,0.0
gat,0.0,0.0016666666666666668,0.0,0.0,0.0016666666666666668
pdgrapher,0.0,0.0044444444444444444,0.30527777777777776,0.0,0.3097222222222222
pdgrapher_nognn,0.0,0.0044444444444444444,0.09555555555555556,0.0,0.1
