method,data_creation,data_processing,training,evaluation,Total
baseline,0.0,0.0,0.0,0.0,0.0
gat,0.0,0.0019444444444444444,0.0,0.0,0.0019444444444444444
pdgrapher,0.0,0.0025,0.2702777777777778,0.0,0.2727777777777778
pdgrapher_nognn,0.0,0.0025,0.09166666666666666,0.0,0.09416666666666666
