method,data_creation,data_processing,training,evaluation,Total
baseline,0.0,0.0,0.0,0.0,0.0
gat,0.0,0.0030555555555555557,0.0,0.0,0.0030555555555555557
pdgrapher,0.0,0.004166666666666667,0.36333333333333334,0.0,0.3675
pdgrapher_nognn,0.0,0.004166666666666667,0.10472222222222222,0.0,0.10888888888888888
