method,data_creation,data_processing,training,evaluation,Total
baseline,0.0,0.0,0.0,0.0,0.0
gat,0.0,0.002777777777777778,0.0,0.0,0.002777777777777778
pdgrapher,0.0,0.001388888888888889,0.2852777777777778,0.0,0.2866666666666667
pdgrapher_nognn,0.0,0.0030555555555555557,0.09555555555555556,0.0,0.09861111111111112
