method,data_creation,data_processing,training,evaluation,Total
baseline,0.0,0.0,0.0,0.0,0.0
gat,0.0,0.015833333333333335,1.2036111111111112,0.0,1.2194444444444446
pdgrapher,0.0,0.0038888888888888888,1.4855555555555555,0.0,1.4894444444444443
pdgrapher_nognn,0.0,0.0038888888888888888,0.9877777777777778,0.0,0.9916666666666667
