method,data_creation,data_processing,training,evaluation,Total
baseline,0.0,0.0,0.0,0.0,0.0
gat,0.0,0.01861111111111111,0.0,0.0,0.01861111111111111
pdgrapher,0.0,0.035,0.42277777777777775,0.0,0.45777777777777773
pdgrapher_nognn,0.0,0.025,0.11611111111111111,0.0,0.1411111111111111
