method,data_creation,data_processing,training,evaluation,Total
baseline,0.0,0.0,0.0,0.0,0.0
gat,0.0,0.0016666666666666668,0.0,0.0,0.0016666666666666668
pdgrapher,0.0,0.0022222222222222222,0.3875,0.0,0.38972222222222225
pdgrapher_nognn,0.0,0.0025,0.08722222222222223,0.0,0.08972222222222223
