method,data_creation,data_processing,training,evaluation,Total
baseline,0.0,0.0,0.0,0.0,0.0
gat,0.0,0.0019444444444444444,0.12277777777777778,0.0,0.12472222222222222
pdgrapher,0.0,0.0016666666666666668,0.2569444444444444,0.0,0.25861111111111107
pdgrapher_nognn,0.0,0.0022222222222222222,0.05361111111111111,0.0,0.05583333333333333
