method,data_creation,data_processing,training,evaluation,Total
baseline,0.0,0.0,0.0,0.0,0.0
gat,0.0,0.014166666666666666,0.12111111111111111,0.0,0.13527777777777777
pdgrapher,0.0,0.0125,0.39361111111111113,0.0,0.40611111111111114
pdgrapher_nognn,0.0,0.0125,0.08861111111111111,0.0,0.10111111111111111
