method,data_creation,data_processing,training,evaluation,Total
baseline,0.0,0.0,0.0,0.0,0.0
gat,0.0,0.003611111111111111,0.0,0.0,0.003611111111111111
pdgrapher,0.0,0.0016666666666666668,0.20805555555555555,0.0,0.20972222222222223
pdgrapher_nognn,0.0,0.0016666666666666668,0.1361111111111111,0.0,0.13777777777777778
