method,data_creation,data_processing,training,evaluation,Total
baseline,0.0,0.0,0.0,0.0,0.0
gat,0.0,0.0019444444444444444,0.0,0.0,0.0019444444444444444
pdgrapher,0.0,0.0019444444444444444,0.19611111111111112,0.0,0.19805555555555557
pdgrapher_nognn,0.0,0.0019444444444444444,0.14166666666666666,0.0,0.1436111111111111
