method,data_creation,data_processing,training,evaluation,Total
baseline,0.0,0.0,0.0,0.0,0.0
gat,0.0,0.018333333333333333,0.44277777777777777,0.0,0.4611111111111111
pdgrapher,0.0,0.03666666666666667,0.1836111111111111,0.0,0.2202777777777778
pdgrapher_nognn,0.0,0.03666666666666667,0.13694444444444445,0.0,0.1736111111111111
triple_comparison,0.0,0.0,0.0,0.0,0.0
