method,data_creation,data_processing,training,evaluation,Total
baseline,0.0,0.0,0.0,0.0,0.0
gat,0.0,0.018333333333333333,0.3825,0.0,0.4008333333333333
pdgrapher,0.0,0.03666666666666667,0.16583333333333333,0.0,0.2025
pdgrapher_nognn,0.0,0.03666666666666667,0.13694444444444445,0.0,0.1736111111111111
