method,data_creation,data_processing,training,evaluation,Total
baseline,0.0,0.0,0.0,0.0,0.0
gat,0.0,0.001388888888888889,0.5863888888888888,0.0,0.5877777777777777
pdgrapher,0.0,0.0016666666666666668,0.43166666666666664,0.0,0.4333333333333333
pdgrapher_nognn,0.0,0.0016666666666666668,0.045,0.0,0.04666666666666666
triple_comparison,0.0,0.0,0.0,0.0,0.0
