method,data_creation,data_processing,training,evaluation,Total
gat,0.0,0.058888888888888886,1.2638888888888888,0.0,1.3227777777777778
pdgrapher,0.0,0.1325,3.6752777777777776,0.0,3.8077777777777775
pdgrapher_nognn,0.0,0.13277777777777777,0.8161111111111111,0.0,0.9488888888888889
