method,data_creation,data_processing,training,evaluation,Total
gat,0.0,0.017222222222222222,3.8194444444444446,0.0,3.836666666666667
pdgrapher,0.0,0.005277777777777778,1.8758333333333332,0.0,1.881111111111111
pdgrapher_nognn,0.0,0.004166666666666667,1.4458333333333333,0.0,1.45
