method,data_creation,data_processing,training,evaluation,Total
baseline,0.0,0.0,0.0,0.0,0.0
gat,0.0,0.0030555555555555557,0.0,0.0,0.0030555555555555557
pdgrapher,0.0,0.001388888888888889,0.1388888888888889,0.0,0.14027777777777778
pdgrapher_nognn,0.0,0.0016666666666666668,0.08805555555555555,0.0,0.08972222222222222
