method,data_creation,data_processing,training,evaluation,Total
baseline,0.0,0.0,0.0,0.0,0.0
gat,0.0,0.0033333333333333335,0.0,0.0,0.0033333333333333335
pdgrapher,0.0,0.001388888888888889,0.14805555555555555,0.0,0.14944444444444444
pdgrapher_nognn,0.0,0.001388888888888889,0.11138888888888888,0.0,0.11277777777777777
