method,data_creation,data_processing,training,evaluation,Total
baseline,0.0,0.0,0.0,0.0,0.0
gat,0.0,0.0016666666666666668,0.0,0.0,0.0016666666666666668
pdgrapher,0.0,0.001388888888888889,0.135,0.0,0.1363888888888889
pdgrapher_nognn,0.0,0.001388888888888889,0.11416666666666667,0.0,0.11555555555555555
