method,data_creation,data_processing,training,evaluation,Total
baseline,0.0,0.0,0.0,0.0,0.0
gat,0.0,0.001388888888888889,0.0,0.0,0.001388888888888889
pdgrapher,0.0,0.001388888888888889,0.1463888888888889,0.0,0.14777777777777779
pdgrapher_nognn,0.0,0.0019444444444444444,0.09194444444444444,0.0,0.09388888888888888
