method,data_creation,data_processing,training,evaluation,Total
baseline,0.0,0.0,0.0,0.0,0.0
gat,0.0,0.001388888888888889,0.0,0.0,0.001388888888888889
pdgrapher,0.0,0.0016666666666666668,0.15416666666666667,0.0,0.15583333333333335
pdgrapher_nognn,0.0,0.0016666666666666668,0.09444444444444444,0.0,0.0961111111111111
