method,data_creation,data_processing,training,evaluation,Total
baseline,0.0,0.0,0.0,0.0,0.0
gat,0.0,0.021666666666666667,0.3680555555555556,0.0,0.38972222222222225
pdgrapher,0.0,0.03222222222222222,0.18833333333333332,0.0,0.22055555555555556
pdgrapher_nognn,0.0,0.04138888888888889,0.09722222222222222,0.0,0.13861111111111113
