method,data_creation,data_processing,training,evaluation,Total
baseline,0.0,0.0,0.0,0.0,0.0
gat,0.0,0.001388888888888889,0.06888888888888889,0.0,0.07027777777777777
pdgrapher,0.0,0.001388888888888889,0.0275,0.0,0.028888888888888888
pdgrapher_nognn,0.0,0.0016666666666666668,0.01888888888888889,0.0,0.020555555555555556
