method,data_creation,data_processing,training,evaluation,Total
baseline,0.0,0.0,0.0,0.0,0.0
gat,0.0,0.02861111111111111,0.0,0.0,0.02861111111111111
pdgrapher,0.0,0.052222222222222225,0.25527777777777777,0.0,0.3075
pdgrapher_nognn,0.0,0.052222222222222225,0.13472222222222222,0.0,0.18694444444444444
