method,data_creation,data_processing,training,evaluation,Total
baseline,0.0,0.0,0.0,0.0,0.0
gat,0.0,0.0016666666666666668,0.2941666666666667,0.0,0.29583333333333334
pdgrapher,0.0,0.0019444444444444444,0.20305555555555554,0.0,0.205
pdgrapher_nognn,0.0,0.001388888888888889,0.0811111111111111,0.0,0.08249999999999999
