method,data_creation,data_processing,training,evaluation,Total
baseline,0.0,0.0,0.0,0.0,0.0
gat,0.0,0.034722222222222224,0.26,0.0,0.2947222222222222
pdgrapher,0.0,0.03666666666666667,0.0022222222222222222,0.0,0.03888888888888889
pdgrapher_nognn,0.0,0.03388888888888889,0.002777777777777778,0.0,0.03666666666666667
