method,data_creation,data_processing,training,evaluation,Total
baseline,0.0,0.0,0.0,0.0,0.0
gat,0.0,0.0025,0.3972222222222222,0.0,0.3997222222222222
pdgrapher,0.0,0.0019444444444444444,0.0030555555555555557,0.0,0.005
pdgrapher_nognn,0.0,0.0019444444444444444,0.0030555555555555557,0.0,0.005
triple_comparison,0.0,0.0,0.0,0.0,0.0
