method,data_creation,data_processing,training,evaluation,Total
baseline,0.0,0.0,0.0,0.0,0.0
gat,0.0,0.0025,0.3383333333333333,0.0,0.3408333333333333
pdgrapher,0.0,0.0019444444444444444,0.0030555555555555557,0.0,0.005
pdgrapher_nognn,0.0,0.0019444444444444444,0.0030555555555555557,0.0,0.005
