method,data_creation,data_processing,training,evaluation,Total
baseline,0.0,0.0,0.0,0.0,0.0
gat,0.0,0.001388888888888889,0.0022222222222222222,0.0,0.003611111111111111
pdgrapher,0.0,0.0016666666666666668,0.0025,0.0,0.004166666666666667
pdgrapher_nognn,0.0,0.001388888888888889,0.0025,0.0,0.0038888888888888888
