method,data_creation,data_processing,training,evaluation,Total
baseline,0.0,0.0,0.0,0.0,0.0
gat,0.0,0.01611111111111111,0.245,0.0,0.2611111111111111
pdgrapher,0.0,0.025277777777777777,0.27055555555555555,0.0,0.29583333333333334
pdgrapher_nognn,0.0,0.02361111111111111,0.06555555555555556,0.0,0.08916666666666667
