method,data_creation,data_processing,training,evaluation,Total
baseline,0.0,0.0,0.0,0.0,0.0
gat,0.0,0.0016666666666666668,0.1725,0.0,0.17416666666666666
pdgrapher,0.0,0.002777777777777778,0.24472222222222223,0.0,0.2475
pdgrapher_nognn,0.0,0.0025,0.08472222222222223,0.0,0.08722222222222223
