method,data_creation,data_processing,training,evaluation,Total
baseline,0.0,0.0,0.0,0.0,0.0
gat,0.0,0.005833333333333334,0.3163888888888889,0.0,0.32222222222222224
pdgrapher,0.0,0.0022222222222222222,0.26416666666666666,0.0,0.2663888888888889
pdgrapher_nognn,0.0,0.0019444444444444444,0.08611111111111111,0.0,0.08805555555555555
