method,data_creation,data_processing,training,evaluation,Total
baseline,0.0,0.0,0.0,0.0,0.0
gat,0.0,0.0016666666666666668,0.1713888888888889,0.0,0.17305555555555557
pdgrapher,0.0,0.001388888888888889,0.20444444444444446,0.0,0.20583333333333334
pdgrapher_nognn,0.0,0.0011111111111111111,0.11583333333333333,0.0,0.11694444444444443
