method,data_creation,data_processing,training,evaluation,Total
baseline,0.0,0.0,0.0,0.0,0.0
gat,0.0,0.0033333333333333335,0.4727777777777778,0.0,0.47611111111111115
pdgrapher,0.0,0.006111111111111111,0.3477777777777778,0.0,0.3538888888888889
pdgrapher_nognn,0.0,0.006111111111111111,0.13666666666666666,0.0,0.14277777777777778
triple_comparison,0.0,0.0,0.0,0.0,0.0
