method,data_creation,data_processing,training,evaluation,Total
gat,0.0,0.01972222222222222,1.1616666666666666,0.0,1.1813888888888888
pdgrapher,0.0,0.025,3.4877777777777776,0.0,3.5127777777777776
pdgrapher_nognn,0.0,0.026111111111111113,0.8313888888888888,0.0,0.8574999999999999
