method,data_creation,data_processing,training,evaluation,Total
baseline,0.0,0.0,0.0,0.0,0.0
gat,0.0,0.001388888888888889,0.40694444444444444,0.0,0.4083333333333333
pdgrapher,0.0,0.0016666666666666668,0.31527777777777777,0.0,0.3169444444444444
pdgrapher_nognn,0.0,0.0016666666666666668,0.13055555555555556,0.0,0.13222222222222224
