method,data_creation,data_processing,training,evaluation,Total
baseline,0.0,0.0,0.0,0.0,0.0
gat,0.0,0.0022222222222222222,0.30416666666666664,0.0,0.3063888888888889
pdgrapher,0.0,0.0022222222222222222,0.49277777777777776,0.0,0.495
pdgrapher_nognn,0.0,0.0019444444444444444,0.15055555555555555,0.0,0.1525
