method,data_creation,data_processing,training,evaluation,Total
baseline,0.0,0.0,0.0,0.0,0.0
gat,0.0,0.003611111111111111,0.29333333333333333,0.0,0.29694444444444446
pdgrapher,0.0,0.0011111111111111111,0.625,0.0,0.6261111111111111
pdgrapher_nognn,0.0,0.0019444444444444444,0.21611111111111111,0.0,0.21805555555555556
