method,data_creation,data_processing,training,evaluation,Total
baseline,0.0,0.0,0.0,0.0,0.0
gat,0.0,0.0016666666666666668,0.1925,0.0,0.19416666666666668
pdgrapher,0.0,0.0016666666666666668,0.5255555555555556,0.0,0.5272222222222223
pdgrapher_nognn,0.0,0.0016666666666666668,0.12694444444444444,0.0,0.12861111111111112
