method,data_creation,data_processing,training,evaluation,Total
baseline,0.0,0.0,0.0,0.0,0.0
gat,0.0,0.0033333333333333335,0.2088888888888889,0.0,0.21222222222222223
pdgrapher,0.0,0.0019444444444444444,0.44277777777777777,0.0,0.44472222222222224
pdgrapher_nognn,0.0,0.0019444444444444444,0.2036111111111111,0.0,0.20555555555555555
