method,data_creation,data_processing,training,evaluation,Total
baseline,0.0,0.0,0.0,0.0,0.0
gat,0.0,0.0025,0.1775,0.0,0.18
pdgrapher,0.0,0.001388888888888889,0.21777777777777776,0.0,0.21916666666666665
pdgrapher_nognn,0.0,0.001388888888888889,0.14527777777777778,0.0,0.14666666666666667
