method,data_creation,data_processing,training,evaluation,Total
baseline,0.0,0.0,0.0,0.0,0.0
gat,0.0,0.001388888888888889,0.0,0.0,0.001388888888888889
pdgrapher,0.0,0.0016666666666666668,0.18555555555555556,0.0,0.18722222222222223
pdgrapher_nognn,0.0,0.0016666666666666668,0.10916666666666666,0.0,0.11083333333333333
