method,data_creation,data_processing,training,evaluation,Total
baseline,0.0,0.0,0.0,0.0,0.0
gat,0.0,0.001388888888888889,0.2013888888888889,0.0,0.20277777777777778
pdgrapher,0.0,0.0011111111111111111,0.1686111111111111,0.0,0.16972222222222222
pdgrapher_nognn,0.0,0.004722222222222222,0.10611111111111111,0.0,0.11083333333333334
