method,data_creation,data_processing,training,evaluation,Total
baseline,0.0,0.0,0.0,0.0,0.0
gat,0.0,0.015,0.19777777777777777,0.0,0.2127777777777778
pdgrapher,0.0,0.019444444444444445,0.135,0.0,0.15444444444444444
pdgrapher_nognn,0.0,0.019444444444444445,0.06972222222222223,0.0,0.08916666666666667
