method,data_creation,data_processing,training,evaluation,Total
baseline,0.0,0.0,0.0,0.0,0.0
gat,0.0,0.0016666666666666668,0.13805555555555554,0.0,0.13972222222222222
pdgrapher,0.0,0.0022222222222222222,0.17555555555555555,0.0,0.17777777777777776
pdgrapher_nognn,0.0,0.001388888888888889,0.11888888888888889,0.0,0.12027777777777778
