method,data_creation,data_processing,training,evaluation,Total
baseline,0.0,0.0,0.0,0.0,0.0
gat,0.0,0.001388888888888889,0.19583333333333333,0.0,0.19722222222222222
pdgrapher,0.0,0.001388888888888889,0.14694444444444443,0.0,0.14833333333333332
pdgrapher_nognn,0.0,0.0019444444444444444,0.06,0.0,0.06194444444444444
