method,data_creation,data_processing,training,evaluation,Total
baseline,0.0,0.0,0.0,0.0,0.0
gat,0.0,0.0016666666666666668,0.20722222222222222,0.0,0.2088888888888889
pdgrapher,0.0,0.0016666666666666668,0.165,0.0,0.16666666666666669
pdgrapher_nognn,0.0,0.001388888888888889,0.10083333333333333,0.0,0.10222222222222221
