method,data_creation,data_processing,training,evaluation,Total
baseline,0.0,0.0,0.0,0.0,0.0
gat,0.0,0.0022222222222222222,0.0,0.0,0.0022222222222222222
pdgrapher,0.0,0.001388888888888889,0.29444444444444445,0.0,0.29583333333333334
pdgrapher_nognn,0.0,0.001388888888888889,0.08472222222222223,0.0,0.08611111111111111
