method,data_creation,data_processing,training,evaluation,Total
baseline,0.0,0.0,0.0,0.0,0.0
gat,0.0,0.0025,0.0,0.0,0.0025
pdgrapher,0.0,0.001388888888888889,0.2427777777777778,0.0,0.24416666666666667
pdgrapher_nognn,0.0,0.001388888888888889,0.10222222222222223,0.0,0.10361111111111111
