method,data_creation,data_processing,training,evaluation,Total
baseline,0.0,0.0,0.0,0.0,0.0
gat,0.0,0.001388888888888889,0.0,0.0,0.001388888888888889
pdgrapher,0.0,0.0011111111111111111,0.15888888888888889,0.0,0.16
pdgrapher_nognn,0.0,0.0011111111111111111,0.10305555555555555,0.0,0.10416666666666666
