method,data_creation,data_processing,training,evaluation,Total
baseline,0.0,0.0,0.0,0.0,0.0
gat,0.0,0.001388888888888889,0.0,0.0,0.001388888888888889
pdgrapher,0.0,0.0019444444444444444,0.24472222222222223,0.0,0.24666666666666667
pdgrapher_nognn,0.0,0.0019444444444444444,0.07111111111111111,0.0,0.07305555555555555
