method,data_creation,data_processing,training,evaluation,Total
baseline,0.0,0.0,0.0,0.0,0.0
gat,0.0,0.0016666666666666668,0.0,0.0,0.0016666666666666668
pdgrapher,0.0,0.001388888888888889,0.185,0.0,0.18638888888888888
pdgrapher_nognn,0.0,0.001388888888888889,0.07861111111111112,0.0,0.08
