method,data_creation,data_processing,training,evaluation,Total
baseline,0.0,0.0,0.0,0.0,0.0
gat,0.0,0.008611111111111111,0.8336111111111111,0.0,0.8422222222222222
pdgrapher,0.0,0.0019444444444444444,2.3825,0.0,2.384444444444444
pdgrapher_nognn,0.0,0.0016666666666666668,0.5408333333333334,0.0,0.5425000000000001
