method,data_creation,data_processing,training,evaluation,Total
baseline,0.0,0.0,0.0,0.0,0.0
gat,0.0,0.0022222222222222222,1.0988888888888888,0.0,1.101111111111111
pdgrapher,0.0,0.0019444444444444444,2.1230555555555557,0.0,2.125
pdgrapher_nognn,0.0,0.0019444444444444444,1.113888888888889,0.0,1.1158333333333335
