method,data_creation,data_processing,training,evaluation,Total
baseline,0.0,0.0,0.0,0.0,0.0
gat,0.0,0.01,0.7913888888888889,0.0,0.8013888888888889
pdgrapher,0.0,0.0038888888888888888,2.8227777777777776,0.0,2.8266666666666667
pdgrapher_nognn,0.0,0.0038888888888888888,0.6880555555555555,0.0,0.6919444444444445
