method,data_creation,data_processing,training,evaluation,Total
baseline,0.0,0.0,0.0,0.0,0.0
gat,0.0,0.020277777777777777,0.12361111111111112,0.0,0.1438888888888889
pdgrapher,0.0,0.02666666666666667,0.19583333333333333,0.0,0.2225
pdgrapher_nognn,0.0,0.026944444444444444,0.058333333333333334,0.0,0.08527777777777779
