method,data_creation,data_processing,training,evaluation,Total
baseline,0.0,0.0,0.0,0.0,0.0
gat,0.0,0.0016666666666666668,0.0763888888888889,0.0,0.07805555555555556
pdgrapher,0.0,0.0016666666666666668,0.10361111111111111,0.0,0.10527777777777778
pdgrapher_nognn,0.0,0.0016666666666666668,0.06777777777777778,0.0,0.06944444444444445
