method,data_creation,data_processing,training,evaluation,Total
baseline,0.0,0.0,0.0,0.0,0.0
gat,0.0,0.0025,0.04777777777777778,0.0,0.05027777777777778
pdgrapher,0.0,0.0016666666666666668,0.1486111111111111,0.0,0.1502777777777778
pdgrapher_nognn,0.0,0.0016666666666666668,0.05472222222222222,0.0,0.056388888888888884
