method,data_creation,data_processing,training,evaluation,Total
baseline,0.0,0.0,0.0,0.0,0.0
gat,0.0,0.013888888888888888,0.06694444444444445,0.0,0.08083333333333334
pdgrapher,0.0,0.016944444444444446,0.11305555555555556,0.0,0.13
pdgrapher_nognn,0.0,0.0175,0.042777777777777776,0.0,0.06027777777777778
