method,data_creation,data_processing,training,evaluation,Total
baseline,0.0,0.0,0.0,0.0,0.0
gat,0.0,0.01888888888888889,0.84,0.0,0.8588888888888888
pdgrapher,0.0,0.024722222222222222,1.7697222222222222,0.0,1.7944444444444445
pdgrapher_nognn,0.0,0.024166666666666666,0.8063888888888889,0.0,0.8305555555555556
