method,data_creation,data_processing,training,evaluation,Total
baseline,0.0,0.0,0.0,0.0,0.0
gat,0.0,0.001388888888888889,0.4538888888888889,0.0,0.4552777777777778
pdgrapher,0.0,0.001388888888888889,0.40694444444444444,0.0,0.4083333333333333
pdgrapher_nognn,0.0,0.0011111111111111111,0.1411111111111111,0.0,0.14222222222222222
