method,data_creation,data_processing,training,evaluation,Total
baseline,0.0,0.0,0.0,0.0,0.0
gat,0.0,0.0022222222222222222,0.2611111111111111,0.0,0.26333333333333336
pdgrapher,0.0,0.0022222222222222222,0.3591666666666667,0.0,0.3613888888888889
pdgrapher_nognn,0.0,0.0022222222222222222,0.14333333333333334,0.0,0.14555555555555555
