method,data_creation,data_processing,training,evaluation,Total
baseline,0.0,0.0,0.0,0.0,0.0
gat,0.0,0.0019444444444444444,0.25055555555555553,0.0,0.2525
pdgrapher,0.0,0.0016666666666666668,0.49583333333333335,0.0,0.4975
pdgrapher_nognn,0.0,0.0016666666666666668,0.12833333333333333,0.0,0.13
