method,data_creation,data_processing,training,evaluation,Total
baseline,0.0,0.0,0.0,0.0,0.0
gat,0.0,0.001388888888888889,0.28,0.0,0.2813888888888889
pdgrapher,0.0,0.001388888888888889,0.5063888888888889,0.0,0.5077777777777778
pdgrapher_nognn,0.0,0.0022222222222222222,0.22027777777777777,0.0,0.22249999999999998
