method,data_creation,data_processing,training,evaluation,Total
baseline,0.0,0.0,0.0,0.0,0.0
gat,0.0,0.003611111111111111,0.29583333333333334,0.0,0.29944444444444446
pdgrapher,0.0,0.0016666666666666668,0.43,0.0,0.43166666666666664
pdgrapher_nognn,0.0,0.0016666666666666668,0.11361111111111111,0.0,0.11527777777777777
