method,data_creation,data_processing,training,evaluation,Total
baseline,0.0,0.0,0.0,0.0,0.0
gat,0.0,0.0022222222222222222,0.28444444444444444,0.0,0.2866666666666667
pdgrapher,0.0,0.0022222222222222222,0.35944444444444446,0.0,0.3616666666666667
pdgrapher_nognn,0.0,0.0022222222222222222,0.20194444444444445,0.0,0.20416666666666666
