method,data_creation,data_processing,training,evaluation,Total
baseline,0.0,0.0,0.0,0.0,0.0
gat,0.0,0.002777777777777778,0.36027777777777775,0.0,0.3630555555555555
pdgrapher,0.0,0.0016666666666666668,0.1811111111111111,0.0,0.1827777777777778
pdgrapher_nognn,0.0,0.0016666666666666668,0.15388888888888888,0.0,0.15555555555555556
