method,data_creation,data_processing,training,evaluation,Total
baseline,0.0,0.0,0.0,0.0,0.0
gat,0.0,0.01861111111111111,0.42083333333333334,0.0,0.43944444444444447
pdgrapher,0.0,0.02361111111111111,0.18194444444444444,0.0,0.20555555555555555
pdgrapher_nognn,0.0,0.023333333333333334,0.12083333333333333,0.0,0.14416666666666667
