method,data_creation,data_processing,training,evaluation,Total
baseline,0.0,0.0,0.0,0.0,0.0
gat,0.0,0.002777777777777778,0.0,0.0,0.002777777777777778
pdgrapher,0.0,0.0016666666666666668,0.18916666666666668,0.0,0.19083333333333335
pdgrapher_nognn,0.0,0.0022222222222222222,0.11666666666666667,0.0,0.11888888888888889
