method,data_creation,data_processing,training,evaluation,Total
baseline,0.0,0.0,0.0,0.0,0.0
gat,0.0,0.0725,0.9619444444444445,0.0,1.0344444444444445
pdgrapher,0.0,0.10027777777777777,1.8363888888888888,0.0,1.9366666666666665
pdgrapher_nognn,0.0,0.10055555555555555,0.5347222222222222,0.0,0.6352777777777777
