method,data_creation,data_processing,training,evaluation,Total
baseline,0.0,0.0,0.0,0.0,0.0
gat,0.0,0.012777777777777779,0.9816666666666667,0.0,0.9944444444444445
pdgrapher,0.0,0.004166666666666667,2.5816666666666666,0.0,2.5858333333333334
pdgrapher_nognn,0.0,0.004166666666666667,0.8980555555555556,0.0,0.9022222222222223
