method,data_creation,data_processing,training,evaluation,Total
baseline,0.0,0.0,0.0,0.0,0.0
gat,0.0,0.010833333333333334,0.8716666666666667,0.0,0.8825000000000001
pdgrapher,0.0,0.0016666666666666668,2.52,0.0,2.5216666666666665
pdgrapher_nognn,0.0,0.0016666666666666668,0.44666666666666666,0.0,0.4483333333333333
