method,data_creation,data_processing,training,evaluation,Total
baseline,0.0,0.0,0.0,0.0,0.0
gat,0.0,0.0011111111111111111,0.16666666666666666,0.0,0.16777777777777778
pdgrapher,0.0,0.001388888888888889,0.21138888888888888,0.0,0.21277777777777776
pdgrapher_nognn,0.0,0.001388888888888889,0.09583333333333334,0.0,0.09722222222222222
