method,data_creation,data_processing,training,evaluation,Total
baseline,0.0,0.0,0.0,0.0,0.0
gat,0.0,0.0016666666666666668,0.30583333333333335,0.0,0.3075
pdgrapher,0.0,0.0016666666666666668,0.2752777777777778,0.0,0.27694444444444444
pdgrapher_nognn,0.0,0.0016666666666666668,0.08555555555555555,0.0,0.08722222222222221
