method,data_creation,data_processing,training,evaluation,Total
baseline,0.0,0.0,0.0,0.0,0.0
gat,0.0,0.019166666666666665,0.3325,0.0,0.3516666666666667
pdgrapher,0.0,0.019166666666666665,0.2,0.0,0.21916666666666668
pdgrapher_nognn,0.0,0.019166666666666665,0.08916666666666667,0.0,0.10833333333333334
