method,data_creation,data_processing,training,evaluation,Total
baseline,0.0,0.0,0.0,0.0,0.0
gat,0.0,0.0025,0.26722222222222225,0.0,0.26972222222222225
pdgrapher,0.0,0.0019444444444444444,0.2175,0.0,0.21944444444444444
pdgrapher_nognn,0.0,0.0019444444444444444,0.07472222222222222,0.0,0.07666666666666666
