method,data_creation,data_processing,training,evaluation,Total
baseline,0.0,0.0,0.0,0.0,0.0
gat,0.0,0.0022222222222222222,0.0,0.0,0.0022222222222222222
pdgrapher,0.0,0.006111111111111111,0.059166666666666666,0.0,0.06527777777777778
pdgrapher_nognn,0.0,0.002777777777777778,0.03388888888888889,0.0,0.03666666666666667
