method,data_creation,data_processing,training,evaluation,Total
baseline,0.0,0.0,0.0,0.0,0.0
gat,0.0,0.009444444444444445,0.0,0.0,0.009444444444444445
pdgrapher,0.0,0.008611111111111111,0.051944444444444446,0.0,0.06055555555555556
pdgrapher_nognn,0.0,0.008333333333333333,0.024166666666666666,0.0,0.0325
