method,data_creation,data_processing,training,evaluation,Total
baseline,0.0,0.0,0.0,0.0,0.0
gat,0.0,0.0019444444444444444,0.0,0.0,0.0019444444444444444
pdgrapher,0.0,0.001388888888888889,0.0575,0.0,0.05888888888888889
pdgrapher_nognn,0.0,0.001388888888888889,0.023333333333333334,0.0,0.024722222222222222
