method,data_creation,data_processing,training,evaluation,Total
baseline,0.0,0.0,0.0,0.0,0.0
gat,0.0,0.0016666666666666668,0.0,0.0,0.0016666666666666668
pdgrapher,0.0,0.0016666666666666668,0.04861111111111111,0.0,0.050277777777777775
pdgrapher_nognn,0.0,0.001388888888888889,0.02388888888888889,0.0,0.025277777777777777
