method,data_creation,data_processing,training,evaluation,Total
baseline,0.0,0.0,0.0,0.0,0.0
gat,0.0,0.0016666666666666668,0.0,0.0,0.0016666666666666668
pdgrapher,0.0,0.0019444444444444444,0.04694444444444444,0.0,0.048888888888888885
pdgrapher_nognn,0.0,0.0019444444444444444,0.029166666666666667,0.0,0.03111111111111111
