method,data_creation,data_processing,training,evaluation,Total
baseline,0.0,0.0,0.0,0.0,0.0
gat,0.0,0.002777777777777778,0.0,0.0,0.002777777777777778
pdgrapher,0.0,0.004166666666666667,0.22833333333333333,0.0,0.2325
pdgrapher_nognn,0.0,0.0038888888888888888,0.08888888888888889,0.0,0.09277777777777778
