method,data_creation,data_processing,training,evaluation,Total
baseline,0.0,0.0,0.0,0.0,0.0
gat,0.0,0.0030555555555555557,0.0,0.0,0.0030555555555555557
pdgrapher,0.0,0.0016666666666666668,0.25805555555555554,0.0,0.2597222222222222
pdgrapher_nognn,0.0,0.001388888888888889,0.07416666666666667,0.0,0.07555555555555556
