method,data_creation,data_processing,training,evaluation,Total
baseline,0.0,0.0,0.0,0.0,0.0
gat,0.0,0.002777777777777778,0.0,0.0,0.002777777777777778
pdgrapher,0.0,0.001388888888888889,0.20916666666666667,0.0,0.21055555555555555
pdgrapher_nognn,0.0,0.001388888888888889,0.08888888888888889,0.0,0.09027777777777778
