method,data_creation,data_processing,training,evaluation,Total
baseline,0.0,0.0,0.0,0.0,0.0
gat,0.0,0.0016666666666666668,0.0,0.0,0.0016666666666666668
pdgrapher,0.0,0.001388888888888889,0.25916666666666666,0.0,0.26055555555555554
pdgrapher_nognn,0.0,0.001388888888888889,0.08694444444444445,0.0,0.08833333333333333
