method,data_creation,data_processing,training,evaluation,Total
baseline,0.0,0.0,0.0,0.0,0.0
gat,0.0,0.001388888888888889,0.0,0.0,0.001388888888888889
pdgrapher,0.0,0.001388888888888889,0.175,0.0,0.17638888888888887
pdgrapher_nognn,0.0,0.0019444444444444444,0.11416666666666667,0.0,0.11611111111111111
