method,data_creation,data_processing,training,evaluation,Total
baseline,0.0,0.0,0.0,0.0,0.0
gat,0.0,0.002777777777777778,0.0,0.0,0.002777777777777778
pdgrapher,0.0,0.0019444444444444444,0.16527777777777777,0.0,0.16722222222222222
pdgrapher_nognn,0.0,0.0019444444444444444,0.12916666666666668,0.0,0.13111111111111112
