method,data_creation,data_processing,training,evaluation,Total
baseline,0.0,0.0,0.0,0.0,0.0
gat,0.0,0.0019444444444444444,0.30444444444444446,0.0,0.30638888888888893
pdgrapher,0.0,0.0019444444444444444,0.3466666666666667,0.0,0.34861111111111115
pdgrapher_nognn,0.0,0.0016666666666666668,0.19583333333333333,0.0,0.1975
