method,data_creation,data_processing,training,evaluation,Total
baseline,0.0,0.0,0.0,0.0,0.0
gat,0.0,0.0019444444444444444,0.36972222222222223,0.0,0.3716666666666667
pdgrapher,0.0,0.0016666666666666668,0.31916666666666665,0.0,0.3208333333333333
pdgrapher_nognn,0.0,0.0016666666666666668,0.14833333333333334,0.0,0.15000000000000002
