method,data_creation,data_processing,training,evaluation,Total
baseline,0.0,0.0,0.0,0.0,0.0
gat,0.0,0.0016666666666666668,0.3738888888888889,0.0,0.37555555555555553
pdgrapher,0.0,0.0016666666666666668,0.4041666666666667,0.0,0.4058333333333333
pdgrapher_nognn,0.0,0.0016666666666666668,0.11777777777777777,0.0,0.11944444444444444
