method,data_creation,data_processing,training,evaluation,Total
baseline,0.0,0.0,0.0,0.0,0.0
gat,0.0,0.0022222222222222222,0.3447222222222222,0.0,0.34694444444444444
pdgrapher,0.0,0.0019444444444444444,0.47805555555555557,0.0,0.48000000000000004
pdgrapher_nognn,0.0,0.0019444444444444444,0.19305555555555556,0.0,0.195
