method,data_creation,data_processing,training,evaluation,Total
baseline,0.0,0.0,0.0,0.0,0.0
gat,0.0,0.001388888888888889,0.2697222222222222,0.0,0.2711111111111111
pdgrapher,0.0,0.001388888888888889,0.32666666666666666,0.0,0.32805555555555554
pdgrapher_nognn,0.0,0.0019444444444444444,0.13555555555555557,0.0,0.1375
