method,data_creation,data_processing,training,evaluation,Total
baseline,0.0,0.0,0.0,0.0,0.0
gat,0.0,0.0016666666666666668,0.41805555555555557,0.0,0.4197222222222222
pdgrapher,0.0,0.0016666666666666668,0.4275,0.0,0.42916666666666664
pdgrapher_nognn,0.0,0.0016666666666666668,0.13666666666666666,0.0,0.13833333333333334
