method,data_creation,data_processing,training,evaluation,Total
baseline,0.0,0.0,0.0,0.0,0.0
gat,0.0,0.026111111111111113,0.0,0.0,0.026111111111111113
pdgrapher,0.0,0.04083333333333333,0.1725,0.0,0.21333333333333332
pdgrapher_nognn,0.0,0.03861111111111111,0.12444444444444444,0.0,0.16305555555555556
