method,data_creation,data_processing,training,evaluation,Total
baseline,0.0,0.0,0.0,0.0,0.0
gat,0.0,0.025277777777777777,0.07666666666666666,0.0,0.10194444444444443
pdgrapher,0.0,0.0022222222222222222,0.034722222222222224,0.0,0.036944444444444446
pdgrapher_nognn,0.0,0.0025,0.01638888888888889,0.0,0.01888888888888889
