method,data_creation,data_processing,training,evaluation,Total
baseline,0.0,0.0,0.0,0.0,0.0
gat,0.0,0.07694444444444444,0.8819444444444444,0.0,0.9588888888888889
pdgrapher,0.0,0.1597222222222222,4.489166666666667,0.0,4.648888888888889
pdgrapher_nognn,0.0,0.10666666666666667,1.0105555555555557,0.0,1.1172222222222223
triple_comparison,0.0,0.0,0.0,0.0,0.0
