method,data_creation,data_processing,training,evaluation,Total
baseline,0.0,0.0,0.0,0.0,0.0
gat,0.0,0.058611111111111114,0.9225,0.0,0.981111111111111
pdgrapher,0.0,0.1461111111111111,3.845833333333333,0.0,3.9919444444444445
pdgrapher_nognn,0.0,0.24555555555555555,0.8091666666666667,0.0,1.0547222222222223
