method,data_creation,data_processing,training,evaluation,Total
baseline,0.0,0.0,0.0,0.0,0.0
gat,0.0,0.019444444444444445,0.0,0.0,0.019444444444444445
pdgrapher,0.0,0.025555555555555557,0.26416666666666666,0.0,0.2897222222222222
pdgrapher_nognn,0.0,0.025277777777777777,0.13583333333333333,0.0,0.16111111111111112
