method,data_creation,data_processing,training,evaluation,Total
baseline,0.0,0.0,0.0,0.0,0.0
gat,0.0,0.0,0.8094444444444444,0.0,0.8094444444444444
pdgrapher,0.0,0.0,2.8944444444444444,0.0,2.8944444444444444
pdgrapher_nognn,0.0,0.0,1.5791666666666666,0.0,1.5791666666666666
