method,data_creation,data_processing,training,evaluation,Total
gat,0.0,0.013055555555555556,0.9325,0.0,0.9455555555555556
pdgrapher,0.0,0.0033333333333333335,2.5019444444444443,0.0,2.5052777777777777
pdgrapher_nognn,0.0,0.0033333333333333335,0.9252777777777778,0.0,0.928611111111111
