method,data_creation,data_processing,training,evaluation,Total
gat,0.0,0.055,0.93,0.0,0.9850000000000001
pdgrapher,0.0,0.1363888888888889,3.8991666666666664,0.0,4.035555555555556
pdgrapher_nognn,0.0,0.1363888888888889,0.5886111111111111,0.0,0.725
