method,data_creation,data_processing,training,evaluation,Total
gat,0.0,0.011944444444444445,0.8572222222222222,0.0,0.8691666666666666
pdgrapher,0.0,0.0022222222222222222,3.2375,0.0,3.239722222222222
pdgrapher_nognn,0.0,0.0022222222222222222,0.7986111111111112,0.0,0.8008333333333334
