method,data_creation,data_processing,training,evaluation,Total
gat,0.0,0.0075,0.9088888888888889,0.0,0.9163888888888888
pdgrapher,0.0,0.0016666666666666668,3.3319444444444444,0.0,3.333611111111111
pdgrapher_nognn,0.0,0.0016666666666666668,1.1355555555555557,0.0,1.1372222222222224
