method,data_creation,data_processing,training,evaluation,Total
gat,0.0,0.009722222222222222,1.0144444444444445,0.0,1.0241666666666667
pdgrapher,0.0,0.0022222222222222222,2.4191666666666665,0.0,2.4213888888888886
pdgrapher_nognn,0.0,0.0022222222222222222,0.9130555555555555,0.0,0.9152777777777777
triple_comparison,0.0,0.0,0.0,0.0,0.0
