method,data_creation,data_processing,training,evaluation,Total
baseline,0.0,0.0,0.0,0.0,0.0
gat,0.0,0.020555555555555556,0.6736111111111112,0.0,0.6941666666666667
pdgrapher,0.0,0.02666666666666667,1.5305555555555554,0.0,1.557222222222222
pdgrapher_nognn,0.0,0.02666666666666667,0.8780555555555556,0.0,0.9047222222222222
