method,data_creation,data_processing,training,evaluation,Total
baseline,0.0,0.0,0.0,0.0,0.0
gat,0.0,0.0025,0.23472222222222222,0.0,0.23722222222222222
pdgrapher,0.0,0.0016666666666666668,0.35305555555555557,0.0,0.3547222222222222
pdgrapher_nognn,0.0,0.0016666666666666668,0.12611111111111112,0.0,0.1277777777777778
