method,data_creation,data_processing,training,evaluation,Total
baseline,0.0,0.0,0.0,0.0,0.0
gat,0.0,0.001388888888888889,0.2427777777777778,0.0,0.24416666666666667
pdgrapher,0.0,0.0011111111111111111,0.47194444444444444,0.0,0.47305555555555556
pdgrapher_nognn,0.0,0.0016666666666666668,0.08638888888888889,0.0,0.08805555555555555
