method,data_creation,data_processing,training,evaluation,Total
baseline,0.0,0.0,0.0,0.0,0.0
gat,0.0,0.0011111111111111111,0.26416666666666666,0.0,0.2652777777777778
pdgrapher,0.0,0.0011111111111111111,0.26694444444444443,0.0,0.26805555555555555
pdgrapher_nognn,0.0,0.001388888888888889,0.08305555555555555,0.0,0.08444444444444443
