method,data_creation,data_processing,training,evaluation,Total
baseline,0.0,0.0,0.0,0.0,0.0
gat,0.0,0.013888888888888888,0.22166666666666668,0.0,0.23555555555555557
pdgrapher,0.0,0.015277777777777777,0.39916666666666667,0.0,0.41444444444444445
pdgrapher_nognn,0.0,0.014444444444444444,0.09777777777777778,0.0,0.11222222222222222
